clip_id,klasse,quelle,session,pfad
VID_20251103_102316822_L_Caveman_009,Caveman,Caveman,20251103_videos_LDF_Caveman,/Volumes/HHN_LBSBLab/HHN_GECKO_LBSBLab/HHN_GECKO_LBSBLab_videos/20251103_videos_LDF_Caveman/VID_20251103_102316822_L_Caveman_009.mp4
VID_20251110_102623624,Caveman,Caveman,20251110_videos_LDF_Caveman-Tricks-Steps_lightissues,/Volumes/HHN_LBSBLab/HHN_GECKO_LBSBLab/HHN_GECKO_LBSBLab_videos/20251110_videos_LDF_Caveman-Tricks-Steps_lightissues/20251110_Caveman/VID_20251110_102623624.mp4
VID_20251201_100545558,Caveman,Caveman,20251201_videos_LDF_Caveman-Tricks-Steps,/Volumes/HHN_LBSBLab/HHN_GECKO_LBSBLab/HHN_GECKO_LBSBLab_videos/20251201_videos_LDF_Caveman-Tricks-Steps/20251201_Caveman/VID_20251201_100545558.mp4
VID_20251208_102241115,Caveman,Caveman,20251208_videos_LDF_Caveman-Basics-Tricks_wetfloor,/Volumes/HHN_LBSBLab/HHN_GECKO_LBSBLab/HHN_GECKO_LBSBLab_videos/20251208_videos_LDF_Caveman-Basics-Tricks_wetfloor/20251208_Caveman/VID_20251208_102241115.mp4
20260323_112224_Caveman_007_R,Caveman,Caveman,20260323_videos_LDF_Caveman,/Volumes/HHN_LBSBLab/HHN_GECKO_LBSBLab/HHN_GECKO_LBSBLab_videos/20260323_videos_LDF_Caveman/20260323_112224_Caveman_007_R.mp4
20260330_121939_Caveman_001_R,Caveman,Caveman,20260330_videos_LDF_Tricks,/Volumes/HHN_LBSBLab/HHN_GECKO_LBSBLab/HHN_GECKO_LBSBLab_videos/20260330_videos_LDF_Tricks/20260330_121939_Caveman_001_R.mp4
20260413_105045_Caveman_007_R,Caveman,Caveman,20260413_videos_LDF_Tricks-Steps,/Volumes/HHN_LBSBLab/HHN_GECKO_LBSBLab/HHN_GECKO_LBSBLab_videos/20260413_videos_LDF_Tricks-Steps/20260413_105045_Caveman_007_R.mp4
VID_20251103_110903960_R_Caveman_096,Caveman,Caveman,20251103_videos_LDF_Caveman,/Volumes/HHN_LBSBLab/HHN_GECKO_LBSBLab/HHN_GECKO_LBSBLab_videos/20251103_videos_LDF_Caveman/VID_20251103_110903960_R_Caveman_096.mp4
VID_20251110_103048059,Caveman,Caveman,20251110_videos_LDF_Caveman-Tricks-Steps_lightissues,/Volumes/HHN_LBSBLab/HHN_GECKO_LBSBLab/HHN_GECKO_LBSBLab_videos/20251110_videos_LDF_Caveman-Tricks-Steps_lightissues/20251110_Caveman/VID_20251110_103048059.mp4
VID_20251201_095951333,Caveman,Caveman,20251201_videos_LDF_Caveman-Tricks-Steps,/Volumes/HHN_LBSBLab/HHN_GECKO_LBSBLab/HHN_GECKO_LBSBLab_videos/20251201_videos_LDF_Caveman-Tricks-Steps/20251201_Caveman/VID_20251201_095951333.mp4
VID_20251208_101909272,Caveman,Caveman,20251208_videos_LDF_Caveman-Basics-Tricks_wetfloor,/Volumes/HHN_LBSBLab/HHN_GECKO_LBSBLab/HHN_GECKO_LBSBLab_videos/20251208_videos_LDF_Caveman-Basics-Tricks_wetfloor/20251208_Caveman/VID_20251208_101909272.mp4
20260323_111931_Caveman_003_R,Caveman,Caveman,20260323_videos_LDF_Caveman,/Volumes/HHN_LBSBLab/HHN_GECKO_LBSBLab/HHN_GECKO_LBSBLab_videos/20260323_videos_LDF_Caveman/20260323_111931_Caveman_003_R.mp4
20260330_122008_Caveman_002_L,Caveman,Caveman,20260330_videos_LDF_Tricks,/Volumes/HHN_LBSBLab/HHN_GECKO_LBSBLab/HHN_GECKO_LBSBLab_videos/20260330_videos_LDF_Tricks/20260330_122008_Caveman_002_L.mp4
20260413_105021_Caveman_006_L,Caveman,Caveman,20260413_videos_LDF_Tricks-Steps,/Volumes/HHN_LBSBLab/HHN_GECKO_LBSBLab/HHN_GECKO_LBSBLab_videos/20260413_videos_LDF_Tricks-Steps/20260413_105021_Caveman_006_L.mp4
VID_20251103_111029691_L_Caveman_099,Caveman,Caveman,20251103_videos_LDF_Caveman,/Volumes/HHN_LBSBLab/HHN_GECKO_LBSBLab/HHN_GECKO_LBSBLab_videos/20251103_videos_LDF_Caveman/VID_20251103_111029691_L_Caveman_099.mp4
VID_20251110_094527519,Caveman,Caveman,20251110_videos_LDF_Caveman-Tricks-Steps_lightissues,/Volumes/HHN_LBSBLab/HHN_GECKO_LBSBLab/HHN_GECKO_LBSBLab_videos/20251110_videos_LDF_Caveman-Tricks-Steps_lightissues/20251110_Caveman/VID_20251110_094527519.mp4
VID_20251201_095611569,Caveman,Caveman,20251201_videos_LDF_Caveman-Tricks-Steps,/Volumes/HHN_LBSBLab/HHN_GECKO_LBSBLab/HHN_GECKO_LBSBLab_videos/20251201_videos_LDF_Caveman-Tricks-Steps/20251201_Caveman/VID_20251201_095611569.mp4
VID_20251208_102738237,Caveman,Caveman,20251208_videos_LDF_Caveman-Basics-Tricks_wetfloor,/Volumes/HHN_LBSBLab/HHN_GECKO_LBSBLab/HHN_GECKO_LBSBLab_videos/20251208_videos_LDF_Caveman-Basics-Tricks_wetfloor/20251208_Caveman/VID_20251208_102738237.mp4
20260323_111849_Caveman_002_L,Caveman,Caveman,20260323_videos_LDF_Caveman,/Volumes/HHN_LBSBLab/HHN_GECKO_LBSBLab/HHN_GECKO_LBSBLab_videos/20260323_videos_LDF_Caveman/20260323_111849_Caveman_002_L.mp4
20260413_104958_Caveman_005_R,Caveman,Caveman,20260413_videos_LDF_Tricks-Steps,/Volumes/HHN_LBSBLab/HHN_GECKO_LBSBLab/HHN_GECKO_LBSBLab_videos/20260413_videos_LDF_Tricks-Steps/20260413_104958_Caveman_005_R.mp4
VID_20251103_110949668_R_Caveman_098,Caveman,Caveman,20251103_videos_LDF_Caveman,/Volumes/HHN_LBSBLab/HHN_GECKO_LBSBLab/HHN_GECKO_LBSBLab_videos/20251103_videos_LDF_Caveman/VID_20251103_110949668_R_Caveman_098.mp4
VID_20251110_102105521,Caveman,Caveman,20251110_videos_LDF_Caveman-Tricks-Steps_lightissues,/Volumes/HHN_LBSBLab/HHN_GECKO_LBSBLab/HHN_GECKO_LBSBLab_videos/20251110_videos_LDF_Caveman-Tricks-Steps_lightissues/20251110_Caveman/VID_20251110_102105521.mp4
VID_20251201_100843287,Caveman,Caveman,20251201_videos_LDF_Caveman-Tricks-Steps,/Volumes/HHN_LBSBLab/HHN_GECKO_LBSBLab/HHN_GECKO_LBSBLab_videos/20251201_videos_LDF_Caveman-Tricks-Steps/20251201_Caveman/VID_20251201_100843287.mp4
VID_20251208_101944684,Caveman,Caveman,20251208_videos_LDF_Caveman-Basics-Tricks_wetfloor,/Volumes/HHN_LBSBLab/HHN_GECKO_LBSBLab/HHN_GECKO_LBSBLab_videos/20251208_videos_LDF_Caveman-Basics-Tricks_wetfloor/20251208_Caveman/VID_20251208_101944684.mp4
20260323_112252_Caveman_008_L,Caveman,Caveman,20260323_videos_LDF_Caveman,/Volumes/HHN_LBSBLab/HHN_GECKO_LBSBLab/HHN_GECKO_LBSBLab_videos/20260323_videos_LDF_Caveman/20260323_112252_Caveman_008_L.mp4
20260413_105105_Caveman_008_L,Caveman,Caveman,20260413_videos_LDF_Tricks-Steps,/Volumes/HHN_LBSBLab/HHN_GECKO_LBSBLab/HHN_GECKO_LBSBLab_videos/20260413_videos_LDF_Tricks-Steps/20260413_105105_Caveman_008_L.mp4
VID_20251103_105556935_R_Caveman_070,Caveman,Caveman,20251103_videos_LDF_Caveman,/Volumes/HHN_LBSBLab/HHN_GECKO_LBSBLab/HHN_GECKO_LBSBLab_videos/20251103_videos_LDF_Caveman/VID_20251103_105556935_R_Caveman_070.mp4
VID_20251110_100616953,Caveman,Caveman,20251110_videos_LDF_Caveman-Tricks-Steps_lightissues,/Volumes/HHN_LBSBLab/HHN_GECKO_LBSBLab/HHN_GECKO_LBSBLab_videos/20251110_videos_LDF_Caveman-Tricks-Steps_lightissues/20251110_Caveman/VID_20251110_100616953.mp4
VID_20251201_095340874,Caveman,Caveman,20251201_videos_LDF_Caveman-Tricks-Steps,/Volumes/HHN_LBSBLab/HHN_GECKO_LBSBLab/HHN_GECKO_LBSBLab_videos/20251201_videos_LDF_Caveman-Tricks-Steps/20251201_Caveman/VID_20251201_095340874.mp4
VID_20251208_095731843,Caveman,Caveman,20251208_videos_LDF_Caveman-Basics-Tricks_wetfloor,/Volumes/HHN_LBSBLab/HHN_GECKO_LBSBLab/HHN_GECKO_LBSBLab_videos/20251208_videos_LDF_Caveman-Basics-Tricks_wetfloor/20251208_Caveman/VID_20251208_095731843.mp4
20260323_112044_Caveman_005_R,Caveman,Caveman,20260323_videos_LDF_Caveman,/Volumes/HHN_LBSBLab/HHN_GECKO_LBSBLab/HHN_GECKO_LBSBLab_videos/20260323_videos_LDF_Caveman/20260323_112044_Caveman_005_R.mp4
20260413_104847_Caveman_002_L,Caveman,Caveman,20260413_videos_LDF_Tricks-Steps,/Volumes/HHN_LBSBLab/HHN_GECKO_LBSBLab/HHN_GECKO_LBSBLab_videos/20260413_videos_LDF_Tricks-Steps/20260413_104847_Caveman_002_L.mp4
VID_20251103_103023081_R_Caveman_016,Caveman,Caveman,20251103_videos_LDF_Caveman,/Volumes/HHN_LBSBLab/HHN_GECKO_LBSBLab/HHN_GECKO_LBSBLab_videos/20251103_videos_LDF_Caveman/VID_20251103_103023081_R_Caveman_016.mp4
VID_20251110_102355471,Caveman,Caveman,20251110_videos_LDF_Caveman-Tricks-Steps_lightissues,/Volumes/HHN_LBSBLab/HHN_GECKO_LBSBLab/HHN_GECKO_LBSBLab_videos/20251110_videos_LDF_Caveman-Tricks-Steps_lightissues/20251110_Caveman/VID_20251110_102355471.mp4
VID_20251201_095811394,Caveman,Caveman,20251201_videos_LDF_Caveman-Tricks-Steps,/Volumes/HHN_LBSBLab/HHN_GECKO_LBSBLab/HHN_GECKO_LBSBLab_videos/20251201_videos_LDF_Caveman-Tricks-Steps/20251201_Caveman/VID_20251201_095811394.mp4
VID_20251208_101700578,Caveman,Caveman,20251208_videos_LDF_Caveman-Basics-Tricks_wetfloor,/Volumes/HHN_LBSBLab/HHN_GECKO_LBSBLab/HHN_GECKO_LBSBLab_videos/20251208_videos_LDF_Caveman-Basics-Tricks_wetfloor/20251208_Caveman/VID_20251208_101700578.mp4
20260323_112110_Caveman_006_L,Caveman,Caveman,20260323_videos_LDF_Caveman,/Volumes/HHN_LBSBLab/HHN_GECKO_LBSBLab/HHN_GECKO_LBSBLab_videos/20260323_videos_LDF_Caveman/20260323_112110_Caveman_006_L.mp4
20260413_104823_Caveman_001_R,Caveman,Caveman,20260413_videos_LDF_Tricks-Steps,/Volumes/HHN_LBSBLab/HHN_GECKO_LBSBLab/HHN_GECKO_LBSBLab_videos/20260413_videos_LDF_Tricks-Steps/20260413_104823_Caveman_001_R.mp4
VID_20251103_105158641_R_Caveman_060,Caveman,Caveman,20251103_videos_LDF_Caveman,/Volumes/HHN_LBSBLab/HHN_GECKO_LBSBLab/HHN_GECKO_LBSBLab_videos/20251103_videos_LDF_Caveman/VID_20251103_105158641_R_Caveman_060.mp4
VID_20251110_103025729,Caveman,Caveman,20251110_videos_LDF_Caveman-Tricks-Steps_lightissues,/Volumes/HHN_LBSBLab/HHN_GECKO_LBSBLab/HHN_GECKO_LBSBLab_videos/20251110_videos_LDF_Caveman-Tricks-Steps_lightissues/20251110_Caveman/VID_20251110_103025729.mp4
VID_20251201_102324318,Caveman,Caveman,20251201_videos_LDF_Caveman-Tricks-Steps,/Volumes/HHN_LBSBLab/HHN_GECKO_LBSBLab/HHN_GECKO_LBSBLab_videos/20251201_videos_LDF_Caveman-Tricks-Steps/20251201_Caveman/VID_20251201_102324318.mp4
VID_20251208_101928017_Caveman_060_R,Caveman,Caveman,20251208_videos_LDF_Caveman-Basics-Tricks_wetfloor,/Volumes/HHN_LBSBLab/HHN_GECKO_LBSBLab/HHN_GECKO_LBSBLab_videos/20251208_videos_LDF_Caveman-Basics-Tricks_wetfloor/20251208_Caveman/VID_20251208_101928017_Caveman_060_R.mp4
20260323_112323_Caveman_009_R,Caveman,Caveman,20260323_videos_LDF_Caveman,/Volumes/HHN_LBSBLab/HHN_GECKO_LBSBLab/HHN_GECKO_LBSBLab_videos/20260323_videos_LDF_Caveman/20260323_112323_Caveman_009_R.mp4
20260413_105147_Caveman_010_L,Caveman,Caveman,20260413_videos_LDF_Tricks-Steps,/Volumes/HHN_LBSBLab/HHN_GECKO_LBSBLab/HHN_GECKO_LBSBLab_videos/20260413_videos_LDF_Tricks-Steps/20260413_105147_Caveman_010_L.mp4
VID_20251103_104410763_L_Caveman_047,Caveman,Caveman,20251103_videos_LDF_Caveman,/Volumes/HHN_LBSBLab/HHN_GECKO_LBSBLab/HHN_GECKO_LBSBLab_videos/20251103_videos_LDF_Caveman/VID_20251103_104410763_L_Caveman_047.mp4
VID_20251110_102019150,Caveman,Caveman,20251110_videos_LDF_Caveman-Tricks-Steps_lightissues,/Volumes/HHN_LBSBLab/HHN_GECKO_LBSBLab/HHN_GECKO_LBSBLab_videos/20251110_videos_LDF_Caveman-Tricks-Steps_lightissues/20251110_Caveman/VID_20251110_102019150.mp4
VID_20251201_100759194,Caveman,Caveman,20251201_videos_LDF_Caveman-Tricks-Steps,/Volumes/HHN_LBSBLab/HHN_GECKO_LBSBLab/HHN_GECKO_LBSBLab_videos/20251201_videos_LDF_Caveman-Tricks-Steps/20251201_Caveman/VID_20251201_100759194.mp4
VID_20251208_100306171,Caveman,Caveman,20251208_videos_LDF_Caveman-Basics-Tricks_wetfloor,/Volumes/HHN_LBSBLab/HHN_GECKO_LBSBLab/HHN_GECKO_LBSBLab_videos/20251208_videos_LDF_Caveman-Basics-Tricks_wetfloor/20251208_Caveman/VID_20251208_100306171.mp4
20260323_112000_Caveman_004_L,Caveman,Caveman,20260323_videos_LDF_Caveman,/Volumes/HHN_LBSBLab/HHN_GECKO_LBSBLab/HHN_GECKO_LBSBLab_videos/20260323_videos_LDF_Caveman/20260323_112000_Caveman_004_L.mp4
20260413_105127_Caveman_009_R,Caveman,Caveman,20260413_videos_LDF_Tricks-Steps,/Volumes/HHN_LBSBLab/HHN_GECKO_LBSBLab/HHN_GECKO_LBSBLab_videos/20260413_videos_LDF_Tricks-Steps/20260413_105127_Caveman_009_R.mp4
VID_20251103_111115093_L_Caveman_101,Caveman,Caveman,20251103_videos_LDF_Caveman,/Volumes/HHN_LBSBLab/HHN_GECKO_LBSBLab/HHN_GECKO_LBSBLab_videos/20251103_videos_LDF_Caveman/VID_20251103_111115093_L_Caveman_101.mp4
VID_20251110_100103080,Caveman,Caveman,20251110_videos_LDF_Caveman-Tricks-Steps_lightissues,/Volumes/HHN_LBSBLab/HHN_GECKO_LBSBLab/HHN_GECKO_LBSBLab_videos/20251110_videos_LDF_Caveman-Tricks-Steps_lightissues/20251110_Caveman/VID_20251110_100103080.mp4
VID_20251201_100050074,Caveman,Caveman,20251201_videos_LDF_Caveman-Tricks-Steps,/Volumes/HHN_LBSBLab/HHN_GECKO_LBSBLab/HHN_GECKO_LBSBLab_videos/20251201_videos_LDF_Caveman-Tricks-Steps/20251201_Caveman/VID_20251201_100050074.mp4
VID_20251208_100041189,Caveman,Caveman,20251208_videos_LDF_Caveman-Basics-Tricks_wetfloor,/Volumes/HHN_LBSBLab/HHN_GECKO_LBSBLab/HHN_GECKO_LBSBLab_videos/20251208_videos_LDF_Caveman-Basics-Tricks_wetfloor/20251208_Caveman/VID_20251208_100041189.mp4
._20260323_112252_Caveman_008_L,Caveman,Caveman,20260323_videos_LDF_Caveman,/Volumes/HHN_LBSBLab/HHN_GECKO_LBSBLab/HHN_GECKO_LBSBLab_videos/20260323_videos_LDF_Caveman/._20260323_112252_Caveman_008_L.mp4
20260413_104910_Caveman_003_R,Caveman,Caveman,20260413_videos_LDF_Tricks-Steps,/Volumes/HHN_LBSBLab/HHN_GECKO_LBSBLab/HHN_GECKO_LBSBLab_videos/20260413_videos_LDF_Tricks-Steps/20260413_104910_Caveman_003_R.mp4
VID_20251103_110127151_R_Caveman_080,Caveman,Caveman,20251103_videos_LDF_Caveman,/Volumes/HHN_LBSBLab/HHN_GECKO_LBSBLab/HHN_GECKO_LBSBLab_videos/20251103_videos_LDF_Caveman/VID_20251103_110127151_R_Caveman_080.mp4
VID_20251110_095116286,Caveman,Caveman,20251110_videos_LDF_Caveman-Tricks-Steps_lightissues,/Volumes/HHN_LBSBLab/HHN_GECKO_LBSBLab/HHN_GECKO_LBSBLab_videos/20251110_videos_LDF_Caveman-Tricks-Steps_lightissues/20251110_Caveman/VID_20251110_095116286.mp4
VID_20251201_102626752,Caveman,Caveman,20251201_videos_LDF_Caveman-Tricks-Steps,/Volumes/HHN_LBSBLab/HHN_GECKO_LBSBLab/HHN_GECKO_LBSBLab_videos/20251201_videos_LDF_Caveman-Tricks-Steps/20251201_Caveman/VID_20251201_102626752.mp4
VID_20251208_095855896,Caveman,Caveman,20251208_videos_LDF_Caveman-Basics-Tricks_wetfloor,/Volumes/HHN_LBSBLab/HHN_GECKO_LBSBLab/HHN_GECKO_LBSBLab_videos/20251208_videos_LDF_Caveman-Basics-Tricks_wetfloor/20251208_Caveman/VID_20251208_095855896.mp4
VID_20251110_105936711,Frontside180BodyVarial,Frontside180BodyVarial,20251110_videos_LDF_Caveman-Tricks-Steps_lightissues,/Volumes/HHN_LBSBLab/HHN_GECKO_LBSBLab/HHN_GECKO_LBSBLab_videos/20251110_videos_LDF_Caveman-Tricks-Steps_lightissues/20251110_other/20251110_other_steps/20251110_Frontside180BodyVarial/VID_20251110_105936711.mp4
VID_20251110_105955347,Frontside180BodyVarial,Frontside180BodyVarial,20251110_videos_LDF_Caveman-Tricks-Steps_lightissues,/Volumes/HHN_LBSBLab/HHN_GECKO_LBSBLab/HHN_GECKO_LBSBLab_videos/20251110_videos_LDF_Caveman-Tricks-Steps_lightissues/20251110_other/20251110_other_steps/20251110_Frontside180BodyVarial/VID_20251110_105955347.mp4
VID_20251110_110015993,Frontside180BodyVarial,Frontside180BodyVarial,20251110_videos_LDF_Caveman-Tricks-Steps_lightissues,/Volumes/HHN_LBSBLab/HHN_GECKO_LBSBLab/HHN_GECKO_LBSBLab_videos/20251110_videos_LDF_Caveman-Tricks-Steps_lightissues/20251110_other/20251110_other_steps/20251110_Frontside180BodyVarial/VID_20251110_110015993.mp4
VID_20251110_110035433,Frontside180BodyVarial,Frontside180BodyVarial,20251110_videos_LDF_Caveman-Tricks-Steps_lightissues,/Volumes/HHN_LBSBLab/HHN_GECKO_LBSBLab/HHN_GECKO_LBSBLab_videos/20251110_videos_LDF_Caveman-Tricks-Steps_lightissues/20251110_other/20251110_other_steps/20251110_Frontside180BodyVarial/VID_20251110_110035433.mp4
VID_20251110_110056203,Frontside180BodyVarial,Frontside180BodyVarial,20251110_videos_LDF_Caveman-Tricks-Steps_lightissues,/Volumes/HHN_LBSBLab/HHN_GECKO_LBSBLab/HHN_GECKO_LBSBLab_videos/20251110_videos_LDF_Caveman-Tricks-Steps_lightissues/20251110_other/20251110_other_steps/20251110_Frontside180BodyVarial/VID_20251110_110056203.mp4
VID_20251110_110117866,Frontside180BodyVarial,Frontside180BodyVarial,20251110_videos_LDF_Caveman-Tricks-Steps_lightissues,/Volumes/HHN_LBSBLab/HHN_GECKO_LBSBLab/HHN_GECKO_LBSBLab_videos/20251110_videos_LDF_Caveman-Tricks-Steps_lightissues/20251110_other/20251110_other_steps/20251110_Frontside180BodyVarial/VID_20251110_110117866.mp4
VID_20251110_110135855,Frontside180BodyVarial,Frontside180BodyVarial,20251110_videos_LDF_Caveman-Tricks-Steps_lightissues,/Volumes/HHN_LBSBLab/HHN_GECKO_LBSBLab/HHN_GECKO_LBSBLab_videos/20251110_videos_LDF_Caveman-Tricks-Steps_lightissues/20251110_other/20251110_other_steps/20251110_Frontside180BodyVarial/VID_20251110_110135855.mp4
VID_20251110_110200028,Frontside180BodyVarial,Frontside180BodyVarial,20251110_videos_LDF_Caveman-Tricks-Steps_lightissues,/Volumes/HHN_LBSBLab/HHN_GECKO_LBSBLab/HHN_GECKO_LBSBLab_videos/20251110_videos_LDF_Caveman-Tricks-Steps_lightissues/20251110_other/20251110_other_steps/20251110_Frontside180BodyVarial/VID_20251110_110200028.mp4
VID_20251110_110220860,Frontside180BodyVarial,Frontside180BodyVarial,20251110_videos_LDF_Caveman-Tricks-Steps_lightissues,/Volumes/HHN_LBSBLab/HHN_GECKO_LBSBLab/HHN_GECKO_LBSBLab_videos/20251110_videos_LDF_Caveman-Tricks-Steps_lightissues/20251110_other/20251110_other_steps/20251110_Frontside180BodyVarial/VID_20251110_110220860.mp4
VID_20251110_110243427,Frontside180BodyVarial,Frontside180BodyVarial,20251110_videos_LDF_Caveman-Tricks-Steps_lightissues,/Volumes/HHN_LBSBLab/HHN_GECKO_LBSBLab/HHN_GECKO_LBSBLab_videos/20251110_videos_LDF_Caveman-Tricks-Steps_lightissues/20251110_other/20251110_other_steps/20251110_Frontside180BodyVarial/VID_20251110_110243427.mp4
VID_20251110_110303201,Frontside180BodyVarial,Frontside180BodyVarial,20251110_videos_LDF_Caveman-Tricks-Steps_lightissues,/Volumes/HHN_LBSBLab/HHN_GECKO_LBSBLab/HHN_GECKO_LBSBLab_videos/20251110_videos_LDF_Caveman-Tricks-Steps_lightissues/20251110_other/20251110_other_steps/20251110_Frontside180BodyVarial/VID_20251110_110303201.mp4
VID_20251110_110324452,Frontside180BodyVarial,Frontside180BodyVarial,20251110_videos_LDF_Caveman-Tricks-Steps_lightissues,/Volumes/HHN_LBSBLab/HHN_GECKO_LBSBLab/HHN_GECKO_LBSBLab_videos/20251110_videos_LDF_Caveman-Tricks-Steps_lightissues/20251110_other/20251110_other_steps/20251110_Frontside180BodyVarial/VID_20251110_110324452.mp4
VID_20251110_110414990,Frontside180BodyVarial,Frontside180BodyVarial,20251110_videos_LDF_Caveman-Tricks-Steps_lightissues,/Volumes/HHN_LBSBLab/HHN_GECKO_LBSBLab/HHN_GECKO_LBSBLab_videos/20251110_videos_LDF_Caveman-Tricks-Steps_lightissues/20251110_other/20251110_other_steps/20251110_Frontside180BodyVarial/VID_20251110_110414990.mp4
VID_20251110_110434457,Frontside180BodyVarial,Frontside180BodyVarial,20251110_videos_LDF_Caveman-Tricks-Steps_lightissues,/Volumes/HHN_LBSBLab/HHN_GECKO_LBSBLab/HHN_GECKO_LBSBLab_videos/20251110_videos_LDF_Caveman-Tricks-Steps_lightissues/20251110_other/20251110_other_steps/20251110_Frontside180BodyVarial/VID_20251110_110434457.mp4
VID_20251110_110456301,Frontside180BodyVarial,Frontside180BodyVarial,20251110_videos_LDF_Caveman-Tricks-Steps_lightissues,/Volumes/HHN_LBSBLab/HHN_GECKO_LBSBLab/HHN_GECKO_LBSBLab_videos/20251110_videos_LDF_Caveman-Tricks-Steps_lightissues/20251110_other/20251110_other_steps/20251110_Frontside180BodyVarial/VID_20251110_110456301.mp4
VID_20251110_110518633,Frontside180BodyVarial,Frontside180BodyVarial,20251110_videos_LDF_Caveman-Tricks-Steps_lightissues,/Volumes/HHN_LBSBLab/HHN_GECKO_LBSBLab/HHN_GECKO_LBSBLab_videos/20251110_videos_LDF_Caveman-Tricks-Steps_lightissues/20251110_other/20251110_other_steps/20251110_Frontside180BodyVarial/VID_20251110_110518633.mp4
VID_20251110_110542587,Frontside180BodyVarial,Frontside180BodyVarial,20251110_videos_LDF_Caveman-Tricks-Steps_lightissues,/Volumes/HHN_LBSBLab/HHN_GECKO_LBSBLab/HHN_GECKO_LBSBLab_videos/20251110_videos_LDF_Caveman-Tricks-Steps_lightissues/20251110_other/20251110_other_steps/20251110_Frontside180BodyVarial/VID_20251110_110542587.mp4
VID_20251110_110601324,Frontside180BodyVarial,Frontside180BodyVarial,20251110_videos_LDF_Caveman-Tricks-Steps_lightissues,/Volumes/HHN_LBSBLab/HHN_GECKO_LBSBLab/HHN_GECKO_LBSBLab_videos/20251110_videos_LDF_Caveman-Tricks-Steps_lightissues/20251110_other/20251110_other_steps/20251110_Frontside180BodyVarial/VID_20251110_110601324.mp4
VID_20251110_110620332,Frontside180BodyVarial,Frontside180BodyVarial,20251110_videos_LDF_Caveman-Tricks-Steps_lightissues,/Volumes/HHN_LBSBLab/HHN_GECKO_LBSBLab/HHN_GECKO_LBSBLab_videos/20251110_videos_LDF_Caveman-Tricks-Steps_lightissues/20251110_other/20251110_other_steps/20251110_Frontside180BodyVarial/VID_20251110_110620332.mp4
VID_20251110_110641413,Frontside180BodyVarial,Frontside180BodyVarial,20251110_videos_LDF_Caveman-Tricks-Steps_lightissues,/Volumes/HHN_LBSBLab/HHN_GECKO_LBSBLab/HHN_GECKO_LBSBLab_videos/20251110_videos_LDF_Caveman-Tricks-Steps_lightissues/20251110_other/20251110_other_steps/20251110_Frontside180BodyVarial/VID_20251110_110641413.mp4
VID_20251201_104313200_Frontside180BodyVarial_001_L_blurred,Frontside180BodyVarial,Frontside180BodyVarial,20251201_videos_LDF_Caveman-Tricks-Steps,/Volumes/HHN_LBSBLab/HHN_GECKO_LBSBLab/HHN_GECKO_LBSBLab_videos/20251201_videos_LDF_Caveman-Tricks-Steps/20251201_other/20251201_other_steps/VID_20251201_104313200_Frontside180BodyVarial_001_L_blurred.mp4
VID_20251201_104333514_Frontside180BodyVarial_002_R,Frontside180BodyVarial,Frontside180BodyVarial,20251201_videos_LDF_Caveman-Tricks-Steps,/Volumes/HHN_LBSBLab/HHN_GECKO_LBSBLab/HHN_GECKO_LBSBLab_videos/20251201_videos_LDF_Caveman-Tricks-Steps/20251201_other/20251201_other_steps/VID_20251201_104333514_Frontside180BodyVarial_002_R.mp4
VID_20251201_104351539_Frontside180BodyVarial_003_L_blurred,Frontside180BodyVarial,Frontside180BodyVarial,20251201_videos_LDF_Caveman-Tricks-Steps,/Volumes/HHN_LBSBLab/HHN_GECKO_LBSBLab/HHN_GECKO_LBSBLab_videos/20251201_videos_LDF_Caveman-Tricks-Steps/20251201_other/20251201_other_steps/VID_20251201_104351539_Frontside180BodyVarial_003_L_blurred.mp4
VID_20251201_104409186_Frontside180BodyVarial_004_R_blurred,Frontside180BodyVarial,Frontside180BodyVarial,20251201_videos_LDF_Caveman-Tricks-Steps,/Volumes/HHN_LBSBLab/HHN_GECKO_LBSBLab/HHN_GECKO_LBSBLab_videos/20251201_videos_LDF_Caveman-Tricks-Steps/20251201_other/20251201_other_steps/VID_20251201_104409186_Frontside180BodyVarial_004_R_blurred.mp4
VID_20251201_104427138_Frontside180BodyVarial_005_L,Frontside180BodyVarial,Frontside180BodyVarial,20251201_videos_LDF_Caveman-Tricks-Steps,/Volumes/HHN_LBSBLab/HHN_GECKO_LBSBLab/HHN_GECKO_LBSBLab_videos/20251201_videos_LDF_Caveman-Tricks-Steps/20251201_other/20251201_other_steps/VID_20251201_104427138_Frontside180BodyVarial_005_L.mp4
VID_20251201_104446085_Frontside180BodyVarial_006_R,Frontside180BodyVarial,Frontside180BodyVarial,20251201_videos_LDF_Caveman-Tricks-Steps,/Volumes/HHN_LBSBLab/HHN_GECKO_LBSBLab/HHN_GECKO_LBSBLab_videos/20251201_videos_LDF_Caveman-Tricks-Steps/20251201_other/20251201_other_steps/VID_20251201_104446085_Frontside180BodyVarial_006_R.mp4
VID_20251201_104504145_Frontside180BodyVarial_007_L,Frontside180BodyVarial,Frontside180BodyVarial,20251201_videos_LDF_Caveman-Tricks-Steps,/Volumes/HHN_LBSBLab/HHN_GECKO_LBSBLab/HHN_GECKO_LBSBLab_videos/20251201_videos_LDF_Caveman-Tricks-Steps/20251201_other/20251201_other_steps/VID_20251201_104504145_Frontside180BodyVarial_007_L.mp4
VID_20251201_104524729_Frontside180BodyVarial_008_R,Frontside180BodyVarial,Frontside180BodyVarial,20251201_videos_LDF_Caveman-Tricks-Steps,/Volumes/HHN_LBSBLab/HHN_GECKO_LBSBLab/HHN_GECKO_LBSBLab_videos/20251201_videos_LDF_Caveman-Tricks-Steps/20251201_other/20251201_other_steps/VID_20251201_104524729_Frontside180BodyVarial_008_R.mp4
VID_20251201_104542609_Frontside180BodyVarial_009_L_blurred,Frontside180BodyVarial,Frontside180BodyVarial,20251201_videos_LDF_Caveman-Tricks-Steps,/Volumes/HHN_LBSBLab/HHN_GECKO_LBSBLab/HHN_GECKO_LBSBLab_videos/20251201_videos_LDF_Caveman-Tricks-Steps/20251201_other/20251201_other_steps/VID_20251201_104542609_Frontside180BodyVarial_009_L_blurred.mp4
VID_20251201_104600257_Frontside180BodyVarial_010_R_blurred,Frontside180BodyVarial,Frontside180BodyVarial,20251201_videos_LDF_Caveman-Tricks-Steps,/Volumes/HHN_LBSBLab/HHN_GECKO_LBSBLab/HHN_GECKO_LBSBLab_videos/20251201_videos_LDF_Caveman-Tricks-Steps/20251201_other/20251201_other_steps/VID_20251201_104600257_Frontside180BodyVarial_010_R_blurred.mp4
VID_20251110_120217114,Frontside180Step,Frontside180Step,20251110_videos_LDF_Caveman-Tricks-Steps_lightissues,/Volumes/HHN_LBSBLab/HHN_GECKO_LBSBLab/HHN_GECKO_LBSBLab_videos/20251110_videos_LDF_Caveman-Tricks-Steps_lightissues/20251110_other/20251110_other_steps/20251110_Frontside180Step/VID_20251110_120217114.mp4
VID_20251110_120236272,Frontside180Step,Frontside180Step,20251110_videos_LDF_Caveman-Tricks-Steps_lightissues,/Volumes/HHN_LBSBLab/HHN_GECKO_LBSBLab/HHN_GECKO_LBSBLab_videos/20251110_videos_LDF_Caveman-Tricks-Steps_lightissues/20251110_other/20251110_other_steps/20251110_Frontside180Step/VID_20251110_120236272.mp4
VID_20251110_120255712,Frontside180Step,Frontside180Step,20251110_videos_LDF_Caveman-Tricks-Steps_lightissues,/Volumes/HHN_LBSBLab/HHN_GECKO_LBSBLab/HHN_GECKO_LBSBLab_videos/20251110_videos_LDF_Caveman-Tricks-Steps_lightissues/20251110_other/20251110_other_steps/20251110_Frontside180Step/VID_20251110_120255712.mp4
VID_20251110_120314759,Frontside180Step,Frontside180Step,20251110_videos_LDF_Caveman-Tricks-Steps_lightissues,/Volumes/HHN_LBSBLab/HHN_GECKO_LBSBLab/HHN_GECKO_LBSBLab_videos/20251110_videos_LDF_Caveman-Tricks-Steps_lightissues/20251110_other/20251110_other_steps/20251110_Frontside180Step/VID_20251110_120314759.mp4
VID_20251110_120333157,Frontside180Step,Frontside180Step,20251110_videos_LDF_Caveman-Tricks-Steps_lightissues,/Volumes/HHN_LBSBLab/HHN_GECKO_LBSBLab/HHN_GECKO_LBSBLab_videos/20251110_videos_LDF_Caveman-Tricks-Steps_lightissues/20251110_other/20251110_other_steps/20251110_Frontside180Step/VID_20251110_120333157.mp4
VID_20251110_120350997,Frontside180Step,Frontside180Step,20251110_videos_LDF_Caveman-Tricks-Steps_lightissues,/Volumes/HHN_LBSBLab/HHN_GECKO_LBSBLab/HHN_GECKO_LBSBLab_videos/20251110_videos_LDF_Caveman-Tricks-Steps_lightissues/20251110_other/20251110_other_steps/20251110_Frontside180Step/VID_20251110_120350997.mp4
VID_20251110_120409723,Frontside180Step,Frontside180Step,20251110_videos_LDF_Caveman-Tricks-Steps_lightissues,/Volumes/HHN_LBSBLab/HHN_GECKO_LBSBLab/HHN_GECKO_LBSBLab_videos/20251110_videos_LDF_Caveman-Tricks-Steps_lightissues/20251110_other/20251110_other_steps/20251110_Frontside180Step/VID_20251110_120409723.mp4
VID_20251110_120426637,Frontside180Step,Frontside180Step,20251110_videos_LDF_Caveman-Tricks-Steps_lightissues,/Volumes/HHN_LBSBLab/HHN_GECKO_LBSBLab/HHN_GECKO_LBSBLab_videos/20251110_videos_LDF_Caveman-Tricks-Steps_lightissues/20251110_other/20251110_other_steps/20251110_Frontside180Step/VID_20251110_120426637.mp4
VID_20251110_120445064,Frontside180Step,Frontside180Step,20251110_videos_LDF_Caveman-Tricks-Steps_lightissues,/Volumes/HHN_LBSBLab/HHN_GECKO_LBSBLab/HHN_GECKO_LBSBLab_videos/20251110_videos_LDF_Caveman-Tricks-Steps_lightissues/20251110_other/20251110_other_steps/20251110_Frontside180Step/VID_20251110_120445064.mp4
VID_20251110_120503453,Frontside180Step,Frontside180Step,20251110_videos_LDF_Caveman-Tricks-Steps_lightissues,/Volumes/HHN_LBSBLab/HHN_GECKO_LBSBLab/HHN_GECKO_LBSBLab_videos/20251110_videos_LDF_Caveman-Tricks-Steps_lightissues/20251110_other/20251110_other_steps/20251110_Frontside180Step/VID_20251110_120503453.mp4
VID_20251110_120521540,Frontside180Step,Frontside180Step,20251110_videos_LDF_Caveman-Tricks-Steps_lightissues,/Volumes/HHN_LBSBLab/HHN_GECKO_LBSBLab/HHN_GECKO_LBSBLab_videos/20251110_videos_LDF_Caveman-Tricks-Steps_lightissues/20251110_other/20251110_other_steps/20251110_Frontside180Step/VID_20251110_120521540.mp4
VID_20251110_120538757,Frontside180Step,Frontside180Step,20251110_videos_LDF_Caveman-Tricks-Steps_lightissues,/Volumes/HHN_LBSBLab/HHN_GECKO_LBSBLab/HHN_GECKO_LBSBLab_videos/20251110_videos_LDF_Caveman-Tricks-Steps_lightissues/20251110_other/20251110_other_steps/20251110_Frontside180Step/VID_20251110_120538757.mp4
VID_20251110_120556713,Frontside180Step,Frontside180Step,20251110_videos_LDF_Caveman-Tricks-Steps_lightissues,/Volumes/HHN_LBSBLab/HHN_GECKO_LBSBLab/HHN_GECKO_LBSBLab_videos/20251110_videos_LDF_Caveman-Tricks-Steps_lightissues/20251110_other/20251110_other_steps/20251110_Frontside180Step/VID_20251110_120556713.mp4
VID_20251110_120615932,Frontside180Step,Frontside180Step,20251110_videos_LDF_Caveman-Tricks-Steps_lightissues,/Volumes/HHN_LBSBLab/HHN_GECKO_LBSBLab/HHN_GECKO_LBSBLab_videos/20251110_videos_LDF_Caveman-Tricks-Steps_lightissues/20251110_other/20251110_other_steps/20251110_Frontside180Step/VID_20251110_120615932.mp4
VID_20251110_120633751,Frontside180Step,Frontside180Step,20251110_videos_LDF_Caveman-Tricks-Steps_lightissues,/Volumes/HHN_LBSBLab/HHN_GECKO_LBSBLab/HHN_GECKO_LBSBLab_videos/20251110_videos_LDF_Caveman-Tricks-Steps_lightissues/20251110_other/20251110_other_steps/20251110_Frontside180Step/VID_20251110_120633751.mp4
VID_20251110_120651272,Frontside180Step,Frontside180Step,20251110_videos_LDF_Caveman-Tricks-Steps_lightissues,/Volumes/HHN_LBSBLab/HHN_GECKO_LBSBLab/HHN_GECKO_LBSBLab_videos/20251110_videos_LDF_Caveman-Tricks-Steps_lightissues/20251110_other/20251110_other_steps/20251110_Frontside180Step/VID_20251110_120651272.mp4
VID_20251110_120709703,Frontside180Step,Frontside180Step,20251110_videos_LDF_Caveman-Tricks-Steps_lightissues,/Volumes/HHN_LBSBLab/HHN_GECKO_LBSBLab/HHN_GECKO_LBSBLab_videos/20251110_videos_LDF_Caveman-Tricks-Steps_lightissues/20251110_other/20251110_other_steps/20251110_Frontside180Step/VID_20251110_120709703.mp4
VID_20251110_120727644,Frontside180Step,Frontside180Step,20251110_videos_LDF_Caveman-Tricks-Steps_lightissues,/Volumes/HHN_LBSBLab/HHN_GECKO_LBSBLab/HHN_GECKO_LBSBLab_videos/20251110_videos_LDF_Caveman-Tricks-Steps_lightissues/20251110_other/20251110_other_steps/20251110_Frontside180Step/VID_20251110_120727644.mp4
VID_20251110_120746710,Frontside180Step,Frontside180Step,20251110_videos_LDF_Caveman-Tricks-Steps_lightissues,/Volumes/HHN_LBSBLab/HHN_GECKO_LBSBLab/HHN_GECKO_LBSBLab_videos/20251110_videos_LDF_Caveman-Tricks-Steps_lightissues/20251110_other/20251110_other_steps/20251110_Frontside180Step/VID_20251110_120746710.mp4
VID_20251110_120804597,Frontside180Step,Frontside180Step,20251110_videos_LDF_Caveman-Tricks-Steps_lightissues,/Volumes/HHN_LBSBLab/HHN_GECKO_LBSBLab/HHN_GECKO_LBSBLab_videos/20251110_videos_LDF_Caveman-Tricks-Steps_lightissues/20251110_other/20251110_other_steps/20251110_Frontside180Step/VID_20251110_120804597.mp4
VID_20251201_104624491_Frontside180Step_001_L_blurred,Frontside180Step,Frontside180Step,20251201_videos_LDF_Caveman-Tricks-Steps,/Volumes/HHN_LBSBLab/HHN_GECKO_LBSBLab/HHN_GECKO_LBSBLab_videos/20251201_videos_LDF_Caveman-Tricks-Steps/20251201_other/20251201_other_steps/VID_20251201_104624491_Frontside180Step_001_L_blurred.mp4
VID_20251201_104646739_Frontside180Step_002_R_blurred,Frontside180Step,Frontside180Step,20251201_videos_LDF_Caveman-Tricks-Steps,/Volumes/HHN_LBSBLab/HHN_GECKO_LBSBLab/HHN_GECKO_LBSBLab_videos/20251201_videos_LDF_Caveman-Tricks-Steps/20251201_other/20251201_other_steps/VID_20251201_104646739_Frontside180Step_002_R_blurred.mp4
VID_20251201_104706457_Frontside180Step_003_L,Frontside180Step,Frontside180Step,20251201_videos_LDF_Caveman-Tricks-Steps,/Volumes/HHN_LBSBLab/HHN_GECKO_LBSBLab/HHN_GECKO_LBSBLab_videos/20251201_videos_LDF_Caveman-Tricks-Steps/20251201_other/20251201_other_steps/VID_20251201_104706457_Frontside180Step_003_L.mp4
VID_20251201_104726580_Frontside180Step_004_R,Frontside180Step,Frontside180Step,20251201_videos_LDF_Caveman-Tricks-Steps,/Volumes/HHN_LBSBLab/HHN_GECKO_LBSBLab/HHN_GECKO_LBSBLab_videos/20251201_videos_LDF_Caveman-Tricks-Steps/20251201_other/20251201_other_steps/VID_20251201_104726580_Frontside180Step_004_R.mp4
VID_20251201_104745696_Frontside180Step_005_L,Frontside180Step,Frontside180Step,20251201_videos_LDF_Caveman-Tricks-Steps,/Volumes/HHN_LBSBLab/HHN_GECKO_LBSBLab/HHN_GECKO_LBSBLab_videos/20251201_videos_LDF_Caveman-Tricks-Steps/20251201_other/20251201_other_steps/VID_20251201_104745696_Frontside180Step_005_L.mp4
VID_20251201_104806029_Frontside180Step_006_R,Frontside180Step,Frontside180Step,20251201_videos_LDF_Caveman-Tricks-Steps,/Volumes/HHN_LBSBLab/HHN_GECKO_LBSBLab/HHN_GECKO_LBSBLab_videos/20251201_videos_LDF_Caveman-Tricks-Steps/20251201_other/20251201_other_steps/VID_20251201_104806029_Frontside180Step_006_R.mp4
VID_20251201_104823706_Frontside180Step_007_L,Frontside180Step,Frontside180Step,20251201_videos_LDF_Caveman-Tricks-Steps,/Volumes/HHN_LBSBLab/HHN_GECKO_LBSBLab/HHN_GECKO_LBSBLab_videos/20251201_videos_LDF_Caveman-Tricks-Steps/20251201_other/20251201_other_steps/VID_20251201_104823706_Frontside180Step_007_L.mp4
VID_20251201_104841929_Frontside180Step_008_R,Frontside180Step,Frontside180Step,20251201_videos_LDF_Caveman-Tricks-Steps,/Volumes/HHN_LBSBLab/HHN_GECKO_LBSBLab/HHN_GECKO_LBSBLab_videos/20251201_videos_LDF_Caveman-Tricks-Steps/20251201_other/20251201_other_steps/VID_20251201_104841929_Frontside180Step_008_R.mp4
VID_20251201_104900760_Frontside180Step_009_L,Frontside180Step,Frontside180Step,20251201_videos_LDF_Caveman-Tricks-Steps,/Volumes/HHN_LBSBLab/HHN_GECKO_LBSBLab/HHN_GECKO_LBSBLab_videos/20251201_videos_LDF_Caveman-Tricks-Steps/20251201_other/20251201_other_steps/VID_20251201_104900760_Frontside180Step_009_L.mp4
VID_20251201_104919861_Frontside180Step_010_R,Frontside180Step,Frontside180Step,20251201_videos_LDF_Caveman-Tricks-Steps,/Volumes/HHN_LBSBLab/HHN_GECKO_LBSBLab/HHN_GECKO_LBSBLab_videos/20251201_videos_LDF_Caveman-Tricks-Steps/20251201_other/20251201_other_steps/VID_20251201_104919861_Frontside180Step_010_R.mp4
VID_20251110_115550122,Ghostride,Ghostride,20251110_videos_LDF_Caveman-Tricks-Steps_lightissues,/Volumes/HHN_LBSBLab/HHN_GECKO_LBSBLab/HHN_GECKO_LBSBLab_videos/20251110_videos_LDF_Caveman-Tricks-Steps_lightissues/20251110_other/20251110_other_steps/20251110_Ghostride/VID_20251110_115550122.mp4
VID_20251110_115607947,Ghostride,Ghostride,20251110_videos_LDF_Caveman-Tricks-Steps_lightissues,/Volumes/HHN_LBSBLab/HHN_GECKO_LBSBLab/HHN_GECKO_LBSBLab_videos/20251110_videos_LDF_Caveman-Tricks-Steps_lightissues/20251110_other/20251110_other_steps/20251110_Ghostride/VID_20251110_115607947.mp4
VID_20251110_115627153,Ghostride,Ghostride,20251110_videos_LDF_Caveman-Tricks-Steps_lightissues,/Volumes/HHN_LBSBLab/HHN_GECKO_LBSBLab/HHN_GECKO_LBSBLab_videos/20251110_videos_LDF_Caveman-Tricks-Steps_lightissues/20251110_other/20251110_other_steps/20251110_Ghostride/VID_20251110_115627153.mp4
VID_20251110_115644793,Ghostride,Ghostride,20251110_videos_LDF_Caveman-Tricks-Steps_lightissues,/Volumes/HHN_LBSBLab/HHN_GECKO_LBSBLab/HHN_GECKO_LBSBLab_videos/20251110_videos_LDF_Caveman-Tricks-Steps_lightissues/20251110_other/20251110_other_steps/20251110_Ghostride/VID_20251110_115644793.mp4
VID_20251110_115703056,Ghostride,Ghostride,20251110_videos_LDF_Caveman-Tricks-Steps_lightissues,/Volumes/HHN_LBSBLab/HHN_GECKO_LBSBLab/HHN_GECKO_LBSBLab_videos/20251110_videos_LDF_Caveman-Tricks-Steps_lightissues/20251110_other/20251110_other_steps/20251110_Ghostride/VID_20251110_115703056.mp4
VID_20251110_115723173,Ghostride,Ghostride,20251110_videos_LDF_Caveman-Tricks-Steps_lightissues,/Volumes/HHN_LBSBLab/HHN_GECKO_LBSBLab/HHN_GECKO_LBSBLab_videos/20251110_videos_LDF_Caveman-Tricks-Steps_lightissues/20251110_other/20251110_other_steps/20251110_Ghostride/VID_20251110_115723173.mp4
VID_20251110_115740991,Ghostride,Ghostride,20251110_videos_LDF_Caveman-Tricks-Steps_lightissues,/Volumes/HHN_LBSBLab/HHN_GECKO_LBSBLab/HHN_GECKO_LBSBLab_videos/20251110_videos_LDF_Caveman-Tricks-Steps_lightissues/20251110_other/20251110_other_steps/20251110_Ghostride/VID_20251110_115740991.mp4
VID_20251110_115758873,Ghostride,Ghostride,20251110_videos_LDF_Caveman-Tricks-Steps_lightissues,/Volumes/HHN_LBSBLab/HHN_GECKO_LBSBLab/HHN_GECKO_LBSBLab_videos/20251110_videos_LDF_Caveman-Tricks-Steps_lightissues/20251110_other/20251110_other_steps/20251110_Ghostride/VID_20251110_115758873.mp4
VID_20251110_115818489,Ghostride,Ghostride,20251110_videos_LDF_Caveman-Tricks-Steps_lightissues,/Volumes/HHN_LBSBLab/HHN_GECKO_LBSBLab/HHN_GECKO_LBSBLab_videos/20251110_videos_LDF_Caveman-Tricks-Steps_lightissues/20251110_other/20251110_other_steps/20251110_Ghostride/VID_20251110_115818489.mp4
VID_20251110_115836824,Ghostride,Ghostride,20251110_videos_LDF_Caveman-Tricks-Steps_lightissues,/Volumes/HHN_LBSBLab/HHN_GECKO_LBSBLab/HHN_GECKO_LBSBLab_videos/20251110_videos_LDF_Caveman-Tricks-Steps_lightissues/20251110_other/20251110_other_steps/20251110_Ghostride/VID_20251110_115836824.mp4
VID_20251110_115854838,Ghostride,Ghostride,20251110_videos_LDF_Caveman-Tricks-Steps_lightissues,/Volumes/HHN_LBSBLab/HHN_GECKO_LBSBLab/HHN_GECKO_LBSBLab_videos/20251110_videos_LDF_Caveman-Tricks-Steps_lightissues/20251110_other/20251110_other_steps/20251110_Ghostride/VID_20251110_115854838.mp4
VID_20251110_115913194,Ghostride,Ghostride,20251110_videos_LDF_Caveman-Tricks-Steps_lightissues,/Volumes/HHN_LBSBLab/HHN_GECKO_LBSBLab/HHN_GECKO_LBSBLab_videos/20251110_videos_LDF_Caveman-Tricks-Steps_lightissues/20251110_other/20251110_other_steps/20251110_Ghostride/VID_20251110_115913194.mp4
VID_20251110_115932451,Ghostride,Ghostride,20251110_videos_LDF_Caveman-Tricks-Steps_lightissues,/Volumes/HHN_LBSBLab/HHN_GECKO_LBSBLab/HHN_GECKO_LBSBLab_videos/20251110_videos_LDF_Caveman-Tricks-Steps_lightissues/20251110_other/20251110_other_steps/20251110_Ghostride/VID_20251110_115932451.mp4
VID_20251110_115950694,Ghostride,Ghostride,20251110_videos_LDF_Caveman-Tricks-Steps_lightissues,/Volumes/HHN_LBSBLab/HHN_GECKO_LBSBLab/HHN_GECKO_LBSBLab_videos/20251110_videos_LDF_Caveman-Tricks-Steps_lightissues/20251110_other/20251110_other_steps/20251110_Ghostride/VID_20251110_115950694.mp4
VID_20251110_120008756,Ghostride,Ghostride,20251110_videos_LDF_Caveman-Tricks-Steps_lightissues,/Volumes/HHN_LBSBLab/HHN_GECKO_LBSBLab/HHN_GECKO_LBSBLab_videos/20251110_videos_LDF_Caveman-Tricks-Steps_lightissues/20251110_other/20251110_other_steps/20251110_Ghostride/VID_20251110_120008756.mp4
VID_20251110_120027079,Ghostride,Ghostride,20251110_videos_LDF_Caveman-Tricks-Steps_lightissues,/Volumes/HHN_LBSBLab/HHN_GECKO_LBSBLab/HHN_GECKO_LBSBLab_videos/20251110_videos_LDF_Caveman-Tricks-Steps_lightissues/20251110_other/20251110_other_steps/20251110_Ghostride/VID_20251110_120027079.mp4
VID_20251110_120044793,Ghostride,Ghostride,20251110_videos_LDF_Caveman-Tricks-Steps_lightissues,/Volumes/HHN_LBSBLab/HHN_GECKO_LBSBLab/HHN_GECKO_LBSBLab_videos/20251110_videos_LDF_Caveman-Tricks-Steps_lightissues/20251110_other/20251110_other_steps/20251110_Ghostride/VID_20251110_120044793.mp4
VID_20251110_120103178,Ghostride,Ghostride,20251110_videos_LDF_Caveman-Tricks-Steps_lightissues,/Volumes/HHN_LBSBLab/HHN_GECKO_LBSBLab/HHN_GECKO_LBSBLab_videos/20251110_videos_LDF_Caveman-Tricks-Steps_lightissues/20251110_other/20251110_other_steps/20251110_Ghostride/VID_20251110_120103178.mp4
VID_20251110_120122366,Ghostride,Ghostride,20251110_videos_LDF_Caveman-Tricks-Steps_lightissues,/Volumes/HHN_LBSBLab/HHN_GECKO_LBSBLab/HHN_GECKO_LBSBLab_videos/20251110_videos_LDF_Caveman-Tricks-Steps_lightissues/20251110_other/20251110_other_steps/20251110_Ghostride/VID_20251110_120122366.mp4
VID_20251110_120142173,Ghostride,Ghostride,20251110_videos_LDF_Caveman-Tricks-Steps_lightissues,/Volumes/HHN_LBSBLab/HHN_GECKO_LBSBLab/HHN_GECKO_LBSBLab_videos/20251110_videos_LDF_Caveman-Tricks-Steps_lightissues/20251110_other/20251110_other_steps/20251110_Ghostride/VID_20251110_120142173.mp4
VID_20251201_105237969_Ghostride_001_L,Ghostride,Ghostride,20251201_videos_LDF_Caveman-Tricks-Steps,/Volumes/HHN_LBSBLab/HHN_GECKO_LBSBLab/HHN_GECKO_LBSBLab_videos/20251201_videos_LDF_Caveman-Tricks-Steps/20251201_other/20251201_other_steps/VID_20251201_105237969_Ghostride_001_L.mp4
VID_20251201_105256277_Ghostride_002_R,Ghostride,Ghostride,20251201_videos_LDF_Caveman-Tricks-Steps,/Volumes/HHN_LBSBLab/HHN_GECKO_LBSBLab/HHN_GECKO_LBSBLab_videos/20251201_videos_LDF_Caveman-Tricks-Steps/20251201_other/20251201_other_steps/VID_20251201_105256277_Ghostride_002_R.mp4
VID_20251201_105313597_Ghostride_003_L,Ghostride,Ghostride,20251201_videos_LDF_Caveman-Tricks-Steps,/Volumes/HHN_LBSBLab/HHN_GECKO_LBSBLab/HHN_GECKO_LBSBLab_videos/20251201_videos_LDF_Caveman-Tricks-Steps/20251201_other/20251201_other_steps/VID_20251201_105313597_Ghostride_003_L.mp4
VID_20251201_105332352_Ghostride_004_R,Ghostride,Ghostride,20251201_videos_LDF_Caveman-Tricks-Steps,/Volumes/HHN_LBSBLab/HHN_GECKO_LBSBLab/HHN_GECKO_LBSBLab_videos/20251201_videos_LDF_Caveman-Tricks-Steps/20251201_other/20251201_other_steps/VID_20251201_105332352_Ghostride_004_R.mp4
VID_20251201_105349426_Ghostride_005_L,Ghostride,Ghostride,20251201_videos_LDF_Caveman-Tricks-Steps,/Volumes/HHN_LBSBLab/HHN_GECKO_LBSBLab/HHN_GECKO_LBSBLab_videos/20251201_videos_LDF_Caveman-Tricks-Steps/20251201_other/20251201_other_steps/VID_20251201_105349426_Ghostride_005_L.mp4
VID_20251201_105408168_Ghostride_006_R,Ghostride,Ghostride,20251201_videos_LDF_Caveman-Tricks-Steps,/Volumes/HHN_LBSBLab/HHN_GECKO_LBSBLab/HHN_GECKO_LBSBLab_videos/20251201_videos_LDF_Caveman-Tricks-Steps/20251201_other/20251201_other_steps/VID_20251201_105408168_Ghostride_006_R.mp4
VID_20251201_105426205_Ghostride_007_L,Ghostride,Ghostride,20251201_videos_LDF_Caveman-Tricks-Steps,/Volumes/HHN_LBSBLab/HHN_GECKO_LBSBLab/HHN_GECKO_LBSBLab_videos/20251201_videos_LDF_Caveman-Tricks-Steps/20251201_other/20251201_other_steps/VID_20251201_105426205_Ghostride_007_L.mp4
VID_20251201_105446792_Ghostride_008_R,Ghostride,Ghostride,20251201_videos_LDF_Caveman-Tricks-Steps,/Volumes/HHN_LBSBLab/HHN_GECKO_LBSBLab/HHN_GECKO_LBSBLab_videos/20251201_videos_LDF_Caveman-Tricks-Steps/20251201_other/20251201_other_steps/VID_20251201_105446792_Ghostride_008_R.mp4
VID_20251201_105506150_Ghostride_009_L,Ghostride,Ghostride,20251201_videos_LDF_Caveman-Tricks-Steps,/Volumes/HHN_LBSBLab/HHN_GECKO_LBSBLab/HHN_GECKO_LBSBLab_videos/20251201_videos_LDF_Caveman-Tricks-Steps/20251201_other/20251201_other_steps/VID_20251201_105506150_Ghostride_009_L.mp4
VID_20251201_105525043_Ghostride_010_R,Ghostride,Ghostride,20251201_videos_LDF_Caveman-Tricks-Steps,/Volumes/HHN_LBSBLab/HHN_GECKO_LBSBLab/HHN_GECKO_LBSBLab_videos/20251201_videos_LDF_Caveman-Tricks-Steps/20251201_other/20251201_other_steps/VID_20251201_105525043_Ghostride_010_R.mp4
VID_20251110_105040512,HippieJump,HippieJump,20251110_videos_LDF_Caveman-Tricks-Steps_lightissues,/Volumes/HHN_LBSBLab/HHN_GECKO_LBSBLab/HHN_GECKO_LBSBLab_videos/20251110_videos_LDF_Caveman-Tricks-Steps_lightissues/20251110_other/20251110_other_steps/20251110_HippieJump/VID_20251110_105040512.mp4
VID_20251110_105104291,HippieJump,HippieJump,20251110_videos_LDF_Caveman-Tricks-Steps_lightissues,/Volumes/HHN_LBSBLab/HHN_GECKO_LBSBLab/HHN_GECKO_LBSBLab_videos/20251110_videos_LDF_Caveman-Tricks-Steps_lightissues/20251110_other/20251110_other_steps/20251110_HippieJump/VID_20251110_105104291.mp4
VID_20251110_105122489,HippieJump,HippieJump,20251110_videos_LDF_Caveman-Tricks-Steps_lightissues,/Volumes/HHN_LBSBLab/HHN_GECKO_LBSBLab/HHN_GECKO_LBSBLab_videos/20251110_videos_LDF_Caveman-Tricks-Steps_lightissues/20251110_other/20251110_other_steps/20251110_HippieJump/VID_20251110_105122489.mp4
VID_20251110_105142599,HippieJump,HippieJump,20251110_videos_LDF_Caveman-Tricks-Steps_lightissues,/Volumes/HHN_LBSBLab/HHN_GECKO_LBSBLab/HHN_GECKO_LBSBLab_videos/20251110_videos_LDF_Caveman-Tricks-Steps_lightissues/20251110_other/20251110_other_steps/20251110_HippieJump/VID_20251110_105142599.mp4
VID_20251110_105206838,HippieJump,HippieJump,20251110_videos_LDF_Caveman-Tricks-Steps_lightissues,/Volumes/HHN_LBSBLab/HHN_GECKO_LBSBLab/HHN_GECKO_LBSBLab_videos/20251110_videos_LDF_Caveman-Tricks-Steps_lightissues/20251110_other/20251110_other_steps/20251110_HippieJump/VID_20251110_105206838.mp4
VID_20251110_105226404,HippieJump,HippieJump,20251110_videos_LDF_Caveman-Tricks-Steps_lightissues,/Volumes/HHN_LBSBLab/HHN_GECKO_LBSBLab/HHN_GECKO_LBSBLab_videos/20251110_videos_LDF_Caveman-Tricks-Steps_lightissues/20251110_other/20251110_other_steps/20251110_HippieJump/VID_20251110_105226404.mp4
VID_20251110_105246606,HippieJump,HippieJump,20251110_videos_LDF_Caveman-Tricks-Steps_lightissues,/Volumes/HHN_LBSBLab/HHN_GECKO_LBSBLab/HHN_GECKO_LBSBLab_videos/20251110_videos_LDF_Caveman-Tricks-Steps_lightissues/20251110_other/20251110_other_steps/20251110_HippieJump/VID_20251110_105246606.mp4
VID_20251110_105306235,HippieJump,HippieJump,20251110_videos_LDF_Caveman-Tricks-Steps_lightissues,/Volumes/HHN_LBSBLab/HHN_GECKO_LBSBLab/HHN_GECKO_LBSBLab_videos/20251110_videos_LDF_Caveman-Tricks-Steps_lightissues/20251110_other/20251110_other_steps/20251110_HippieJump/VID_20251110_105306235.mp4
VID_20251110_105326861,HippieJump,HippieJump,20251110_videos_LDF_Caveman-Tricks-Steps_lightissues,/Volumes/HHN_LBSBLab/HHN_GECKO_LBSBLab/HHN_GECKO_LBSBLab_videos/20251110_videos_LDF_Caveman-Tricks-Steps_lightissues/20251110_other/20251110_other_steps/20251110_HippieJump/VID_20251110_105326861.mp4
VID_20251110_105345251,HippieJump,HippieJump,20251110_videos_LDF_Caveman-Tricks-Steps_lightissues,/Volumes/HHN_LBSBLab/HHN_GECKO_LBSBLab/HHN_GECKO_LBSBLab_videos/20251110_videos_LDF_Caveman-Tricks-Steps_lightissues/20251110_other/20251110_other_steps/20251110_HippieJump/VID_20251110_105345251.mp4
VID_20251110_105403414,HippieJump,HippieJump,20251110_videos_LDF_Caveman-Tricks-Steps_lightissues,/Volumes/HHN_LBSBLab/HHN_GECKO_LBSBLab/HHN_GECKO_LBSBLab_videos/20251110_videos_LDF_Caveman-Tricks-Steps_lightissues/20251110_other/20251110_other_steps/20251110_HippieJump/VID_20251110_105403414.mp4
VID_20251110_105437342,HippieJump,HippieJump,20251110_videos_LDF_Caveman-Tricks-Steps_lightissues,/Volumes/HHN_LBSBLab/HHN_GECKO_LBSBLab/HHN_GECKO_LBSBLab_videos/20251110_videos_LDF_Caveman-Tricks-Steps_lightissues/20251110_other/20251110_other_steps/20251110_HippieJump/VID_20251110_105437342.mp4
VID_20251110_105456809,HippieJump,HippieJump,20251110_videos_LDF_Caveman-Tricks-Steps_lightissues,/Volumes/HHN_LBSBLab/HHN_GECKO_LBSBLab/HHN_GECKO_LBSBLab_videos/20251110_videos_LDF_Caveman-Tricks-Steps_lightissues/20251110_other/20251110_other_steps/20251110_HippieJump/VID_20251110_105456809.mp4
VID_20251110_105517956,HippieJump,HippieJump,20251110_videos_LDF_Caveman-Tricks-Steps_lightissues,/Volumes/HHN_LBSBLab/HHN_GECKO_LBSBLab/HHN_GECKO_LBSBLab_videos/20251110_videos_LDF_Caveman-Tricks-Steps_lightissues/20251110_other/20251110_other_steps/20251110_HippieJump/VID_20251110_105517956.mp4
VID_20251110_105616329,HippieJump,HippieJump,20251110_videos_LDF_Caveman-Tricks-Steps_lightissues,/Volumes/HHN_LBSBLab/HHN_GECKO_LBSBLab/HHN_GECKO_LBSBLab_videos/20251110_videos_LDF_Caveman-Tricks-Steps_lightissues/20251110_other/20251110_other_steps/20251110_HippieJump/VID_20251110_105616329.mp4
VID_20251110_105710333,HippieJump,HippieJump,20251110_videos_LDF_Caveman-Tricks-Steps_lightissues,/Volumes/HHN_LBSBLab/HHN_GECKO_LBSBLab/HHN_GECKO_LBSBLab_videos/20251110_videos_LDF_Caveman-Tricks-Steps_lightissues/20251110_other/20251110_other_steps/20251110_HippieJump/VID_20251110_105710333.mp4
VID_20251110_105729321,HippieJump,HippieJump,20251110_videos_LDF_Caveman-Tricks-Steps_lightissues,/Volumes/HHN_LBSBLab/HHN_GECKO_LBSBLab/HHN_GECKO_LBSBLab_videos/20251110_videos_LDF_Caveman-Tricks-Steps_lightissues/20251110_other/20251110_other_steps/20251110_HippieJump/VID_20251110_105729321.mp4
VID_20251110_105749664,HippieJump,HippieJump,20251110_videos_LDF_Caveman-Tricks-Steps_lightissues,/Volumes/HHN_LBSBLab/HHN_GECKO_LBSBLab/HHN_GECKO_LBSBLab_videos/20251110_videos_LDF_Caveman-Tricks-Steps_lightissues/20251110_other/20251110_other_steps/20251110_HippieJump/VID_20251110_105749664.mp4
VID_20251110_105808075,HippieJump,HippieJump,20251110_videos_LDF_Caveman-Tricks-Steps_lightissues,/Volumes/HHN_LBSBLab/HHN_GECKO_LBSBLab/HHN_GECKO_LBSBLab_videos/20251110_videos_LDF_Caveman-Tricks-Steps_lightissues/20251110_other/20251110_other_steps/20251110_HippieJump/VID_20251110_105808075.mp4
VID_20251110_105827270,HippieJump,HippieJump,20251110_videos_LDF_Caveman-Tricks-Steps_lightissues,/Volumes/HHN_LBSBLab/HHN_GECKO_LBSBLab/HHN_GECKO_LBSBLab_videos/20251110_videos_LDF_Caveman-Tricks-Steps_lightissues/20251110_other/20251110_other_steps/20251110_HippieJump/VID_20251110_105827270.mp4
VID_20251201_103954337_HippieJump_001_L,HippieJump,HippieJump,20251201_videos_LDF_Caveman-Tricks-Steps,/Volumes/HHN_LBSBLab/HHN_GECKO_LBSBLab/HHN_GECKO_LBSBLab_videos/20251201_videos_LDF_Caveman-Tricks-Steps/20251201_other/20251201_other_steps/VID_20251201_103954337_HippieJump_001_L.mp4
VID_20251201_104015696_HippieJump_002_R,HippieJump,HippieJump,20251201_videos_LDF_Caveman-Tricks-Steps,/Volumes/HHN_LBSBLab/HHN_GECKO_LBSBLab/HHN_GECKO_LBSBLab_videos/20251201_videos_LDF_Caveman-Tricks-Steps/20251201_other/20251201_other_steps/VID_20251201_104015696_HippieJump_002_R.mp4
VID_20251201_104033494_HippieJump_003_L,HippieJump,HippieJump,20251201_videos_LDF_Caveman-Tricks-Steps,/Volumes/HHN_LBSBLab/HHN_GECKO_LBSBLab/HHN_GECKO_LBSBLab_videos/20251201_videos_LDF_Caveman-Tricks-Steps/20251201_other/20251201_other_steps/VID_20251201_104033494_HippieJump_003_L.mp4
VID_20251201_104052181_HippieJump_004_R,HippieJump,HippieJump,20251201_videos_LDF_Caveman-Tricks-Steps,/Volumes/HHN_LBSBLab/HHN_GECKO_LBSBLab/HHN_GECKO_LBSBLab_videos/20251201_videos_LDF_Caveman-Tricks-Steps/20251201_other/20251201_other_steps/VID_20251201_104052181_HippieJump_004_R.mp4
VID_20251201_104111828_HippieJump_005_L_blurred,HippieJump,HippieJump,20251201_videos_LDF_Caveman-Tricks-Steps,/Volumes/HHN_LBSBLab/HHN_GECKO_LBSBLab/HHN_GECKO_LBSBLab_videos/20251201_videos_LDF_Caveman-Tricks-Steps/20251201_other/20251201_other_steps/VID_20251201_104111828_HippieJump_005_L_blurred.mp4
VID_20251201_104130930_HippieJump_006_R,HippieJump,HippieJump,20251201_videos_LDF_Caveman-Tricks-Steps,/Volumes/HHN_LBSBLab/HHN_GECKO_LBSBLab/HHN_GECKO_LBSBLab_videos/20251201_videos_LDF_Caveman-Tricks-Steps/20251201_other/20251201_other_steps/VID_20251201_104130930_HippieJump_006_R.mp4
VID_20251201_104151086_HippieJump_007_L_blurred,HippieJump,HippieJump,20251201_videos_LDF_Caveman-Tricks-Steps,/Volumes/HHN_LBSBLab/HHN_GECKO_LBSBLab/HHN_GECKO_LBSBLab_videos/20251201_videos_LDF_Caveman-Tricks-Steps/20251201_other/20251201_other_steps/VID_20251201_104151086_HippieJump_007_L_blurred.mp4
VID_20251201_104212198_HippieJump_008_R,HippieJump,HippieJump,20251201_videos_LDF_Caveman-Tricks-Steps,/Volumes/HHN_LBSBLab/HHN_GECKO_LBSBLab/HHN_GECKO_LBSBLab_videos/20251201_videos_LDF_Caveman-Tricks-Steps/20251201_other/20251201_other_steps/VID_20251201_104212198_HippieJump_008_R.mp4
VID_20251201_104232052_HippieJump_009_L_blurred,HippieJump,HippieJump,20251201_videos_LDF_Caveman-Tricks-Steps,/Volumes/HHN_LBSBLab/HHN_GECKO_LBSBLab/HHN_GECKO_LBSBLab_videos/20251201_videos_LDF_Caveman-Tricks-Steps/20251201_other/20251201_other_steps/VID_20251201_104232052_HippieJump_009_L_blurred.mp4
VID_20251201_104251940_HippieJump_010_R_blurred,HippieJump,HippieJump,20251201_videos_LDF_Caveman-Tricks-Steps,/Volumes/HHN_LBSBLab/HHN_GECKO_LBSBLab/HHN_GECKO_LBSBLab_videos/20251201_videos_LDF_Caveman-Tricks-Steps/20251201_other/20251201_other_steps/VID_20251201_104251940_HippieJump_010_R_blurred.mp4
._VID_20251110_113946561,BacksideNoComply180PopShuvit,BacksideNoComply180PopShuvit,20251110_videos_LDF_Caveman-Tricks-Steps_lightissues,/Volumes/HHN_LBSBLab/HHN_GECKO_LBSBLab/HHN_GECKO_LBSBLab_videos/20251110_videos_LDF_Caveman-Tricks-Steps_lightissues/20251110_other/20251110_other_tricks/20251110_BacksideNoComply180PopShuvit/._VID_20251110_113946561.mp4
._VID_20251110_114033428,BacksideNoComply180PopShuvit,BacksideNoComply180PopShuvit,20251110_videos_LDF_Caveman-Tricks-Steps_lightissues,/Volumes/HHN_LBSBLab/HHN_GECKO_LBSBLab/HHN_GECKO_LBSBLab_videos/20251110_videos_LDF_Caveman-Tricks-Steps_lightissues/20251110_other/20251110_other_tricks/20251110_BacksideNoComply180PopShuvit/._VID_20251110_114033428.mp4
VID_20251110_113946561,BacksideNoComply180PopShuvit,BacksideNoComply180PopShuvit,20251110_videos_LDF_Caveman-Tricks-Steps_lightissues,/Volumes/HHN_LBSBLab/HHN_GECKO_LBSBLab/HHN_GECKO_LBSBLab_videos/20251110_videos_LDF_Caveman-Tricks-Steps_lightissues/20251110_other/20251110_other_tricks/20251110_BacksideNoComply180PopShuvit/VID_20251110_113946561.mp4
VID_20251110_114012384,BacksideNoComply180PopShuvit,BacksideNoComply180PopShuvit,20251110_videos_LDF_Caveman-Tricks-Steps_lightissues,/Volumes/HHN_LBSBLab/HHN_GECKO_LBSBLab/HHN_GECKO_LBSBLab_videos/20251110_videos_LDF_Caveman-Tricks-Steps_lightissues/20251110_other/20251110_other_tricks/20251110_BacksideNoComply180PopShuvit/VID_20251110_114012384.mp4
VID_20251110_114033428,BacksideNoComply180PopShuvit,BacksideNoComply180PopShuvit,20251110_videos_LDF_Caveman-Tricks-Steps_lightissues,/Volumes/HHN_LBSBLab/HHN_GECKO_LBSBLab/HHN_GECKO_LBSBLab_videos/20251110_videos_LDF_Caveman-Tricks-Steps_lightissues/20251110_other/20251110_other_tricks/20251110_BacksideNoComply180PopShuvit/VID_20251110_114033428.mp4
VID_20251110_114053163_R_failed,BacksideNoComply180PopShuvit,BacksideNoComply180PopShuvit,20251110_videos_LDF_Caveman-Tricks-Steps_lightissues,/Volumes/HHN_LBSBLab/HHN_GECKO_LBSBLab/HHN_GECKO_LBSBLab_videos/20251110_videos_LDF_Caveman-Tricks-Steps_lightissues/20251110_other/20251110_other_tricks/20251110_BacksideNoComply180PopShuvit/VID_20251110_114053163_R_failed.mp4
VID_20251110_114143385,BacksideNoComply180PopShuvit,BacksideNoComply180PopShuvit,20251110_videos_LDF_Caveman-Tricks-Steps_lightissues,/Volumes/HHN_LBSBLab/HHN_GECKO_LBSBLab/HHN_GECKO_LBSBLab_videos/20251110_videos_LDF_Caveman-Tricks-Steps_lightissues/20251110_other/20251110_other_tricks/20251110_BacksideNoComply180PopShuvit/VID_20251110_114143385.mp4
VID_20251110_114206212,BacksideNoComply180PopShuvit,BacksideNoComply180PopShuvit,20251110_videos_LDF_Caveman-Tricks-Steps_lightissues,/Volumes/HHN_LBSBLab/HHN_GECKO_LBSBLab/HHN_GECKO_LBSBLab_videos/20251110_videos_LDF_Caveman-Tricks-Steps_lightissues/20251110_other/20251110_other_tricks/20251110_BacksideNoComply180PopShuvit/VID_20251110_114206212.mp4
VID_20251110_114228102,BacksideNoComply180PopShuvit,BacksideNoComply180PopShuvit,20251110_videos_LDF_Caveman-Tricks-Steps_lightissues,/Volumes/HHN_LBSBLab/HHN_GECKO_LBSBLab/HHN_GECKO_LBSBLab_videos/20251110_videos_LDF_Caveman-Tricks-Steps_lightissues/20251110_other/20251110_other_tricks/20251110_BacksideNoComply180PopShuvit/VID_20251110_114228102.mp4
VID_20251110_114249579,BacksideNoComply180PopShuvit,BacksideNoComply180PopShuvit,20251110_videos_LDF_Caveman-Tricks-Steps_lightissues,/Volumes/HHN_LBSBLab/HHN_GECKO_LBSBLab/HHN_GECKO_LBSBLab_videos/20251110_videos_LDF_Caveman-Tricks-Steps_lightissues/20251110_other/20251110_other_tricks/20251110_BacksideNoComply180PopShuvit/VID_20251110_114249579.mp4
VID_20251110_114309786,BacksideNoComply180PopShuvit,BacksideNoComply180PopShuvit,20251110_videos_LDF_Caveman-Tricks-Steps_lightissues,/Volumes/HHN_LBSBLab/HHN_GECKO_LBSBLab/HHN_GECKO_LBSBLab_videos/20251110_videos_LDF_Caveman-Tricks-Steps_lightissues/20251110_other/20251110_other_tricks/20251110_BacksideNoComply180PopShuvit/VID_20251110_114309786.mp4
VID_20251110_114330575,BacksideNoComply180PopShuvit,BacksideNoComply180PopShuvit,20251110_videos_LDF_Caveman-Tricks-Steps_lightissues,/Volumes/HHN_LBSBLab/HHN_GECKO_LBSBLab/HHN_GECKO_LBSBLab_videos/20251110_videos_LDF_Caveman-Tricks-Steps_lightissues/20251110_other/20251110_other_tricks/20251110_BacksideNoComply180PopShuvit/VID_20251110_114330575.mp4
VID_20251110_114415351,BacksideNoComply180PopShuvit,BacksideNoComply180PopShuvit,20251110_videos_LDF_Caveman-Tricks-Steps_lightissues,/Volumes/HHN_LBSBLab/HHN_GECKO_LBSBLab/HHN_GECKO_LBSBLab_videos/20251110_videos_LDF_Caveman-Tricks-Steps_lightissues/20251110_other/20251110_other_tricks/20251110_BacksideNoComply180PopShuvit/VID_20251110_114415351.mp4
VID_20251110_114439729,BacksideNoComply180PopShuvit,BacksideNoComply180PopShuvit,20251110_videos_LDF_Caveman-Tricks-Steps_lightissues,/Volumes/HHN_LBSBLab/HHN_GECKO_LBSBLab/HHN_GECKO_LBSBLab_videos/20251110_videos_LDF_Caveman-Tricks-Steps_lightissues/20251110_other/20251110_other_tricks/20251110_BacksideNoComply180PopShuvit/VID_20251110_114439729.mp4
VID_20251110_114502065_L_failed,BacksideNoComply180PopShuvit,BacksideNoComply180PopShuvit,20251110_videos_LDF_Caveman-Tricks-Steps_lightissues,/Volumes/HHN_LBSBLab/HHN_GECKO_LBSBLab/HHN_GECKO_LBSBLab_videos/20251110_videos_LDF_Caveman-Tricks-Steps_lightissues/20251110_other/20251110_other_tricks/20251110_BacksideNoComply180PopShuvit/VID_20251110_114502065_L_failed.mp4
VID_20251110_114546958,BacksideNoComply180PopShuvit,BacksideNoComply180PopShuvit,20251110_videos_LDF_Caveman-Tricks-Steps_lightissues,/Volumes/HHN_LBSBLab/HHN_GECKO_LBSBLab/HHN_GECKO_LBSBLab_videos/20251110_videos_LDF_Caveman-Tricks-Steps_lightissues/20251110_other/20251110_other_tricks/20251110_BacksideNoComply180PopShuvit/VID_20251110_114546958.mp4
VID_20251110_114608411,BacksideNoComply180PopShuvit,BacksideNoComply180PopShuvit,20251110_videos_LDF_Caveman-Tricks-Steps_lightissues,/Volumes/HHN_LBSBLab/HHN_GECKO_LBSBLab/HHN_GECKO_LBSBLab_videos/20251110_videos_LDF_Caveman-Tricks-Steps_lightissues/20251110_other/20251110_other_tricks/20251110_BacksideNoComply180PopShuvit/VID_20251110_114608411.mp4
VID_20251110_114629791,BacksideNoComply180PopShuvit,BacksideNoComply180PopShuvit,20251110_videos_LDF_Caveman-Tricks-Steps_lightissues,/Volumes/HHN_LBSBLab/HHN_GECKO_LBSBLab/HHN_GECKO_LBSBLab_videos/20251110_videos_LDF_Caveman-Tricks-Steps_lightissues/20251110_other/20251110_other_tricks/20251110_BacksideNoComply180PopShuvit/VID_20251110_114629791.mp4
VID_20251110_114651115_L_failed,BacksideNoComply180PopShuvit,BacksideNoComply180PopShuvit,20251110_videos_LDF_Caveman-Tricks-Steps_lightissues,/Volumes/HHN_LBSBLab/HHN_GECKO_LBSBLab/HHN_GECKO_LBSBLab_videos/20251110_videos_LDF_Caveman-Tricks-Steps_lightissues/20251110_other/20251110_other_tricks/20251110_BacksideNoComply180PopShuvit/VID_20251110_114651115_L_failed.mp4
VID_20251110_114728513,BacksideNoComply180PopShuvit,BacksideNoComply180PopShuvit,20251110_videos_LDF_Caveman-Tricks-Steps_lightissues,/Volumes/HHN_LBSBLab/HHN_GECKO_LBSBLab/HHN_GECKO_LBSBLab_videos/20251110_videos_LDF_Caveman-Tricks-Steps_lightissues/20251110_other/20251110_other_tricks/20251110_BacksideNoComply180PopShuvit/VID_20251110_114728513.mp4
VID_20251110_114749729,BacksideNoComply180PopShuvit,BacksideNoComply180PopShuvit,20251110_videos_LDF_Caveman-Tricks-Steps_lightissues,/Volumes/HHN_LBSBLab/HHN_GECKO_LBSBLab/HHN_GECKO_LBSBLab_videos/20251110_videos_LDF_Caveman-Tricks-Steps_lightissues/20251110_other/20251110_other_tricks/20251110_BacksideNoComply180PopShuvit/VID_20251110_114749729.mp4
VID_20251110_114811051,BacksideNoComply180PopShuvit,BacksideNoComply180PopShuvit,20251110_videos_LDF_Caveman-Tricks-Steps_lightissues,/Volumes/HHN_LBSBLab/HHN_GECKO_LBSBLab/HHN_GECKO_LBSBLab_videos/20251110_videos_LDF_Caveman-Tricks-Steps_lightissues/20251110_other/20251110_other_tricks/20251110_BacksideNoComply180PopShuvit/VID_20251110_114811051.mp4
VID_20251110_114833349,BacksideNoComply180PopShuvit,BacksideNoComply180PopShuvit,20251110_videos_LDF_Caveman-Tricks-Steps_lightissues,/Volumes/HHN_LBSBLab/HHN_GECKO_LBSBLab/HHN_GECKO_LBSBLab_videos/20251110_videos_LDF_Caveman-Tricks-Steps_lightissues/20251110_other/20251110_other_tricks/20251110_BacksideNoComply180PopShuvit/VID_20251110_114833349.mp4
VID_20251110_114854102,BacksideNoComply180PopShuvit,BacksideNoComply180PopShuvit,20251110_videos_LDF_Caveman-Tricks-Steps_lightissues,/Volumes/HHN_LBSBLab/HHN_GECKO_LBSBLab/HHN_GECKO_LBSBLab_videos/20251110_videos_LDF_Caveman-Tricks-Steps_lightissues/20251110_other/20251110_other_tricks/20251110_BacksideNoComply180PopShuvit/VID_20251110_114854102.mp4
VID_20251110_114917271,BacksideNoComply180PopShuvit,BacksideNoComply180PopShuvit,20251110_videos_LDF_Caveman-Tricks-Steps_lightissues,/Volumes/HHN_LBSBLab/HHN_GECKO_LBSBLab/HHN_GECKO_LBSBLab_videos/20251110_videos_LDF_Caveman-Tricks-Steps_lightissues/20251110_other/20251110_other_tricks/20251110_BacksideNoComply180PopShuvit/VID_20251110_114917271.mp4
VID_20251110_114936923,BacksideNoComply180PopShuvit,BacksideNoComply180PopShuvit,20251110_videos_LDF_Caveman-Tricks-Steps_lightissues,/Volumes/HHN_LBSBLab/HHN_GECKO_LBSBLab/HHN_GECKO_LBSBLab_videos/20251110_videos_LDF_Caveman-Tricks-Steps_lightissues/20251110_other/20251110_other_tricks/20251110_BacksideNoComply180PopShuvit/VID_20251110_114936923.mp4
VID_20251110_114958436,BacksideNoComply180PopShuvit,BacksideNoComply180PopShuvit,20251110_videos_LDF_Caveman-Tricks-Steps_lightissues,/Volumes/HHN_LBSBLab/HHN_GECKO_LBSBLab/HHN_GECKO_LBSBLab_videos/20251110_videos_LDF_Caveman-Tricks-Steps_lightissues/20251110_other/20251110_other_tricks/20251110_BacksideNoComply180PopShuvit/VID_20251110_114958436.mp4
VID_20251110_115022284,BacksideNoComply180PopShuvit,BacksideNoComply180PopShuvit,20251110_videos_LDF_Caveman-Tricks-Steps_lightissues,/Volumes/HHN_LBSBLab/HHN_GECKO_LBSBLab/HHN_GECKO_LBSBLab_videos/20251110_videos_LDF_Caveman-Tricks-Steps_lightissues/20251110_other/20251110_other_tricks/20251110_BacksideNoComply180PopShuvit/VID_20251110_115022284.mp4
VID_20251110_115141059,BacksideNoComply180PopShuvit,BacksideNoComply180PopShuvit,20251110_videos_LDF_Caveman-Tricks-Steps_lightissues,/Volumes/HHN_LBSBLab/HHN_GECKO_LBSBLab/HHN_GECKO_LBSBLab_videos/20251110_videos_LDF_Caveman-Tricks-Steps_lightissues/20251110_other/20251110_other_tricks/20251110_BacksideNoComply180PopShuvit/VID_20251110_115141059.mp4
VID_20251110_115202064,BacksideNoComply180PopShuvit,BacksideNoComply180PopShuvit,20251110_videos_LDF_Caveman-Tricks-Steps_lightissues,/Volumes/HHN_LBSBLab/HHN_GECKO_LBSBLab/HHN_GECKO_LBSBLab_videos/20251110_videos_LDF_Caveman-Tricks-Steps_lightissues/20251110_other/20251110_other_tricks/20251110_BacksideNoComply180PopShuvit/VID_20251110_115202064.mp4
VID_20251110_115224507,BacksideNoComply180PopShuvit,BacksideNoComply180PopShuvit,20251110_videos_LDF_Caveman-Tricks-Steps_lightissues,/Volumes/HHN_LBSBLab/HHN_GECKO_LBSBLab/HHN_GECKO_LBSBLab_videos/20251110_videos_LDF_Caveman-Tricks-Steps_lightissues/20251110_other/20251110_other_tricks/20251110_BacksideNoComply180PopShuvit/VID_20251110_115224507.mp4
VID_20251110_115244587_R_failed,BacksideNoComply180PopShuvit,BacksideNoComply180PopShuvit,20251110_videos_LDF_Caveman-Tricks-Steps_lightissues,/Volumes/HHN_LBSBLab/HHN_GECKO_LBSBLab/HHN_GECKO_LBSBLab_videos/20251110_videos_LDF_Caveman-Tricks-Steps_lightissues/20251110_other/20251110_other_tricks/20251110_BacksideNoComply180PopShuvit/VID_20251110_115244587_R_failed.mp4
VID_20251201_111523163_BacksideNoComply180PopShuvit_001_L_blurred,BacksideNoComply180PopShuvit,BacksideNoComply180PopShuvit,20251201_videos_LDF_Caveman-Tricks-Steps,/Volumes/HHN_LBSBLab/HHN_GECKO_LBSBLab/HHN_GECKO_LBSBLab_videos/20251201_videos_LDF_Caveman-Tricks-Steps/20251201_other/20251201_other_tricks/VID_20251201_111523163_BacksideNoComply180PopShuvit_001_L_blurred.mp4
VID_20251201_111544788_BacksideNoComply180PopShuvit_002_R,BacksideNoComply180PopShuvit,BacksideNoComply180PopShuvit,20251201_videos_LDF_Caveman-Tricks-Steps,/Volumes/HHN_LBSBLab/HHN_GECKO_LBSBLab/HHN_GECKO_LBSBLab_videos/20251201_videos_LDF_Caveman-Tricks-Steps/20251201_other/20251201_other_tricks/VID_20251201_111544788_BacksideNoComply180PopShuvit_002_R.mp4
VID_20251201_111606555_BacksideNoComply180PopShuvit_003_L,BacksideNoComply180PopShuvit,BacksideNoComply180PopShuvit,20251201_videos_LDF_Caveman-Tricks-Steps,/Volumes/HHN_LBSBLab/HHN_GECKO_LBSBLab/HHN_GECKO_LBSBLab_videos/20251201_videos_LDF_Caveman-Tricks-Steps/20251201_other/20251201_other_tricks/VID_20251201_111606555_BacksideNoComply180PopShuvit_003_L.mp4
VID_20251201_111629277_BacksideNoComply180PopShuvit_004_R_blurred,BacksideNoComply180PopShuvit,BacksideNoComply180PopShuvit,20251201_videos_LDF_Caveman-Tricks-Steps,/Volumes/HHN_LBSBLab/HHN_GECKO_LBSBLab/HHN_GECKO_LBSBLab_videos/20251201_videos_LDF_Caveman-Tricks-Steps/20251201_other/20251201_other_tricks/VID_20251201_111629277_BacksideNoComply180PopShuvit_004_R_blurred.mp4
VID_20251201_111649592_BacksideNoComply180PopShuvit_005_L,BacksideNoComply180PopShuvit,BacksideNoComply180PopShuvit,20251201_videos_LDF_Caveman-Tricks-Steps,/Volumes/HHN_LBSBLab/HHN_GECKO_LBSBLab/HHN_GECKO_LBSBLab_videos/20251201_videos_LDF_Caveman-Tricks-Steps/20251201_other/20251201_other_tricks/VID_20251201_111649592_BacksideNoComply180PopShuvit_005_L.mp4
VID_20251201_111710549_BacksideNoComply180PopShuvit_006_R,BacksideNoComply180PopShuvit,BacksideNoComply180PopShuvit,20251201_videos_LDF_Caveman-Tricks-Steps,/Volumes/HHN_LBSBLab/HHN_GECKO_LBSBLab/HHN_GECKO_LBSBLab_videos/20251201_videos_LDF_Caveman-Tricks-Steps/20251201_other/20251201_other_tricks/VID_20251201_111710549_BacksideNoComply180PopShuvit_006_R.mp4
VID_20251201_111731686_BacksideNoComply180PopShuvit_007_L_failed,BacksideNoComply180PopShuvit,BacksideNoComply180PopShuvit,20251201_videos_LDF_Caveman-Tricks-Steps,/Volumes/HHN_LBSBLab/HHN_GECKO_LBSBLab/HHN_GECKO_LBSBLab_videos/20251201_videos_LDF_Caveman-Tricks-Steps/20251201_other/20251201_other_tricks/VID_20251201_111731686_BacksideNoComply180PopShuvit_007_L_failed.mp4
VID_20251201_111802004_BacksideNoComply180PopShuvit_008_R_blurred,BacksideNoComply180PopShuvit,BacksideNoComply180PopShuvit,20251201_videos_LDF_Caveman-Tricks-Steps,/Volumes/HHN_LBSBLab/HHN_GECKO_LBSBLab/HHN_GECKO_LBSBLab_videos/20251201_videos_LDF_Caveman-Tricks-Steps/20251201_other/20251201_other_tricks/VID_20251201_111802004_BacksideNoComply180PopShuvit_008_R_blurred.mp4
VID_20251201_111822892_BacksideNoComply180PopShuvit_009_L_blurred,BacksideNoComply180PopShuvit,BacksideNoComply180PopShuvit,20251201_videos_LDF_Caveman-Tricks-Steps,/Volumes/HHN_LBSBLab/HHN_GECKO_LBSBLab/HHN_GECKO_LBSBLab_videos/20251201_videos_LDF_Caveman-Tricks-Steps/20251201_other/20251201_other_tricks/VID_20251201_111822892_BacksideNoComply180PopShuvit_009_L_blurred.mp4
VID_20251201_111843898_BacksideNoComply180PopShuvit_010_R,BacksideNoComply180PopShuvit,BacksideNoComply180PopShuvit,20251201_videos_LDF_Caveman-Tricks-Steps,/Volumes/HHN_LBSBLab/HHN_GECKO_LBSBLab/HHN_GECKO_LBSBLab_videos/20251201_videos_LDF_Caveman-Tricks-Steps/20251201_other/20251201_other_tricks/VID_20251201_111843898_BacksideNoComply180PopShuvit_010_R.mp4
VID_20251201_111905584_BacksideNoComply180PopShuvit_011_L,BacksideNoComply180PopShuvit,BacksideNoComply180PopShuvit,20251201_videos_LDF_Caveman-Tricks-Steps,/Volumes/HHN_LBSBLab/HHN_GECKO_LBSBLab/HHN_GECKO_LBSBLab_videos/20251201_videos_LDF_Caveman-Tricks-Steps/20251201_other/20251201_other_tricks/VID_20251201_111905584_BacksideNoComply180PopShuvit_011_L.mp4
VID_20251201_111926708_BacksideNoComply180PopShuvit_012_R,BacksideNoComply180PopShuvit,BacksideNoComply180PopShuvit,20251201_videos_LDF_Caveman-Tricks-Steps,/Volumes/HHN_LBSBLab/HHN_GECKO_LBSBLab/HHN_GECKO_LBSBLab_videos/20251201_videos_LDF_Caveman-Tricks-Steps/20251201_other/20251201_other_tricks/VID_20251201_111926708_BacksideNoComply180PopShuvit_012_R.mp4
VID_20251201_111948239_BacksideNoComply180PopShuvit_013_L,BacksideNoComply180PopShuvit,BacksideNoComply180PopShuvit,20251201_videos_LDF_Caveman-Tricks-Steps,/Volumes/HHN_LBSBLab/HHN_GECKO_LBSBLab/HHN_GECKO_LBSBLab_videos/20251201_videos_LDF_Caveman-Tricks-Steps/20251201_other/20251201_other_tricks/VID_20251201_111948239_BacksideNoComply180PopShuvit_013_L.mp4
VID_20251201_112011177_BacksideNoComply180PopShuvit_014_R,BacksideNoComply180PopShuvit,BacksideNoComply180PopShuvit,20251201_videos_LDF_Caveman-Tricks-Steps,/Volumes/HHN_LBSBLab/HHN_GECKO_LBSBLab/HHN_GECKO_LBSBLab_videos/20251201_videos_LDF_Caveman-Tricks-Steps/20251201_other/20251201_other_tricks/VID_20251201_112011177_BacksideNoComply180PopShuvit_014_R.mp4
VID_20251201_112031654_BacksideNoComply180PopShuvit_015_L_blurred,BacksideNoComply180PopShuvit,BacksideNoComply180PopShuvit,20251201_videos_LDF_Caveman-Tricks-Steps,/Volumes/HHN_LBSBLab/HHN_GECKO_LBSBLab/HHN_GECKO_LBSBLab_videos/20251201_videos_LDF_Caveman-Tricks-Steps/20251201_other/20251201_other_tricks/VID_20251201_112031654_BacksideNoComply180PopShuvit_015_L_blurred.mp4
VID_20251201_112054356_BacksideNoComply180PopShuvit_016_R,BacksideNoComply180PopShuvit,BacksideNoComply180PopShuvit,20251201_videos_LDF_Caveman-Tricks-Steps,/Volumes/HHN_LBSBLab/HHN_GECKO_LBSBLab/HHN_GECKO_LBSBLab_videos/20251201_videos_LDF_Caveman-Tricks-Steps/20251201_other/20251201_other_tricks/VID_20251201_112054356_BacksideNoComply180PopShuvit_016_R.mp4
VID_20251201_112115305_BacksideNoComply180PopShuvit_017_L,BacksideNoComply180PopShuvit,BacksideNoComply180PopShuvit,20251201_videos_LDF_Caveman-Tricks-Steps,/Volumes/HHN_LBSBLab/HHN_GECKO_LBSBLab/HHN_GECKO_LBSBLab_videos/20251201_videos_LDF_Caveman-Tricks-Steps/20251201_other/20251201_other_tricks/VID_20251201_112115305_BacksideNoComply180PopShuvit_017_L.mp4
VID_20251201_112137440_BacksideNoComply180PopShuvit_018_R,BacksideNoComply180PopShuvit,BacksideNoComply180PopShuvit,20251201_videos_LDF_Caveman-Tricks-Steps,/Volumes/HHN_LBSBLab/HHN_GECKO_LBSBLab/HHN_GECKO_LBSBLab_videos/20251201_videos_LDF_Caveman-Tricks-Steps/20251201_other/20251201_other_tricks/VID_20251201_112137440_BacksideNoComply180PopShuvit_018_R.mp4
VID_20251201_112159458_BacksideNoComply180PopShuvit_019_L,BacksideNoComply180PopShuvit,BacksideNoComply180PopShuvit,20251201_videos_LDF_Caveman-Tricks-Steps,/Volumes/HHN_LBSBLab/HHN_GECKO_LBSBLab/HHN_GECKO_LBSBLab_videos/20251201_videos_LDF_Caveman-Tricks-Steps/20251201_other/20251201_other_tricks/VID_20251201_112159458_BacksideNoComply180PopShuvit_019_L.mp4
VID_20251201_112220441_BacksideNoComply180PopShuvit_020_R,BacksideNoComply180PopShuvit,BacksideNoComply180PopShuvit,20251201_videos_LDF_Caveman-Tricks-Steps,/Volumes/HHN_LBSBLab/HHN_GECKO_LBSBLab/HHN_GECKO_LBSBLab_videos/20251201_videos_LDF_Caveman-Tricks-Steps/20251201_other/20251201_other_tricks/VID_20251201_112220441_BacksideNoComply180PopShuvit_020_R.mp4
._VID_20251110_112834216,FrontsideNoComply180,FrontsideNoComply180,20251110_videos_LDF_Caveman-Tricks-Steps_lightissues,/Volumes/HHN_LBSBLab/HHN_GECKO_LBSBLab/HHN_GECKO_LBSBLab_videos/20251110_videos_LDF_Caveman-Tricks-Steps_lightissues/20251110_other/20251110_other_tricks/20251110_FrontsideNoComply180/._VID_20251110_112834216.mp4
VID_20251110_112834216,FrontsideNoComply180,FrontsideNoComply180,20251110_videos_LDF_Caveman-Tricks-Steps_lightissues,/Volumes/HHN_LBSBLab/HHN_GECKO_LBSBLab/HHN_GECKO_LBSBLab_videos/20251110_videos_LDF_Caveman-Tricks-Steps_lightissues/20251110_other/20251110_other_tricks/20251110_FrontsideNoComply180/VID_20251110_112834216.mp4
VID_20251110_112856944,FrontsideNoComply180,FrontsideNoComply180,20251110_videos_LDF_Caveman-Tricks-Steps_lightissues,/Volumes/HHN_LBSBLab/HHN_GECKO_LBSBLab/HHN_GECKO_LBSBLab_videos/20251110_videos_LDF_Caveman-Tricks-Steps_lightissues/20251110_other/20251110_other_tricks/20251110_FrontsideNoComply180/VID_20251110_112856944.mp4
VID_20251110_112920273,FrontsideNoComply180,FrontsideNoComply180,20251110_videos_LDF_Caveman-Tricks-Steps_lightissues,/Volumes/HHN_LBSBLab/HHN_GECKO_LBSBLab/HHN_GECKO_LBSBLab_videos/20251110_videos_LDF_Caveman-Tricks-Steps_lightissues/20251110_other/20251110_other_tricks/20251110_FrontsideNoComply180/VID_20251110_112920273.mp4
VID_20251110_112943805,FrontsideNoComply180,FrontsideNoComply180,20251110_videos_LDF_Caveman-Tricks-Steps_lightissues,/Volumes/HHN_LBSBLab/HHN_GECKO_LBSBLab/HHN_GECKO_LBSBLab_videos/20251110_videos_LDF_Caveman-Tricks-Steps_lightissues/20251110_other/20251110_other_tricks/20251110_FrontsideNoComply180/VID_20251110_112943805.mp4
VID_20251110_113007501,FrontsideNoComply180,FrontsideNoComply180,20251110_videos_LDF_Caveman-Tricks-Steps_lightissues,/Volumes/HHN_LBSBLab/HHN_GECKO_LBSBLab/HHN_GECKO_LBSBLab_videos/20251110_videos_LDF_Caveman-Tricks-Steps_lightissues/20251110_other/20251110_other_tricks/20251110_FrontsideNoComply180/VID_20251110_113007501.mp4
VID_20251110_113028421,FrontsideNoComply180,FrontsideNoComply180,20251110_videos_LDF_Caveman-Tricks-Steps_lightissues,/Volumes/HHN_LBSBLab/HHN_GECKO_LBSBLab/HHN_GECKO_LBSBLab_videos/20251110_videos_LDF_Caveman-Tricks-Steps_lightissues/20251110_other/20251110_other_tricks/20251110_FrontsideNoComply180/VID_20251110_113028421.mp4
VID_20251110_113051377,FrontsideNoComply180,FrontsideNoComply180,20251110_videos_LDF_Caveman-Tricks-Steps_lightissues,/Volumes/HHN_LBSBLab/HHN_GECKO_LBSBLab/HHN_GECKO_LBSBLab_videos/20251110_videos_LDF_Caveman-Tricks-Steps_lightissues/20251110_other/20251110_other_tricks/20251110_FrontsideNoComply180/VID_20251110_113051377.mp4
VID_20251110_113115138,FrontsideNoComply180,FrontsideNoComply180,20251110_videos_LDF_Caveman-Tricks-Steps_lightissues,/Volumes/HHN_LBSBLab/HHN_GECKO_LBSBLab/HHN_GECKO_LBSBLab_videos/20251110_videos_LDF_Caveman-Tricks-Steps_lightissues/20251110_other/20251110_other_tricks/20251110_FrontsideNoComply180/VID_20251110_113115138.mp4
VID_20251110_113136692,FrontsideNoComply180,FrontsideNoComply180,20251110_videos_LDF_Caveman-Tricks-Steps_lightissues,/Volumes/HHN_LBSBLab/HHN_GECKO_LBSBLab/HHN_GECKO_LBSBLab_videos/20251110_videos_LDF_Caveman-Tricks-Steps_lightissues/20251110_other/20251110_other_tricks/20251110_FrontsideNoComply180/VID_20251110_113136692.mp4
VID_20251110_113158966,FrontsideNoComply180,FrontsideNoComply180,20251110_videos_LDF_Caveman-Tricks-Steps_lightissues,/Volumes/HHN_LBSBLab/HHN_GECKO_LBSBLab/HHN_GECKO_LBSBLab_videos/20251110_videos_LDF_Caveman-Tricks-Steps_lightissues/20251110_other/20251110_other_tricks/20251110_FrontsideNoComply180/VID_20251110_113158966.mp4
VID_20251110_113224582,FrontsideNoComply180,FrontsideNoComply180,20251110_videos_LDF_Caveman-Tricks-Steps_lightissues,/Volumes/HHN_LBSBLab/HHN_GECKO_LBSBLab/HHN_GECKO_LBSBLab_videos/20251110_videos_LDF_Caveman-Tricks-Steps_lightissues/20251110_other/20251110_other_tricks/20251110_FrontsideNoComply180/VID_20251110_113224582.mp4
VID_20251110_113246472,FrontsideNoComply180,FrontsideNoComply180,20251110_videos_LDF_Caveman-Tricks-Steps_lightissues,/Volumes/HHN_LBSBLab/HHN_GECKO_LBSBLab/HHN_GECKO_LBSBLab_videos/20251110_videos_LDF_Caveman-Tricks-Steps_lightissues/20251110_other/20251110_other_tricks/20251110_FrontsideNoComply180/VID_20251110_113246472.mp4
VID_20251110_113307926,FrontsideNoComply180,FrontsideNoComply180,20251110_videos_LDF_Caveman-Tricks-Steps_lightissues,/Volumes/HHN_LBSBLab/HHN_GECKO_LBSBLab/HHN_GECKO_LBSBLab_videos/20251110_videos_LDF_Caveman-Tricks-Steps_lightissues/20251110_other/20251110_other_tricks/20251110_FrontsideNoComply180/VID_20251110_113307926.mp4
VID_20251110_113329105,FrontsideNoComply180,FrontsideNoComply180,20251110_videos_LDF_Caveman-Tricks-Steps_lightissues,/Volumes/HHN_LBSBLab/HHN_GECKO_LBSBLab/HHN_GECKO_LBSBLab_videos/20251110_videos_LDF_Caveman-Tricks-Steps_lightissues/20251110_other/20251110_other_tricks/20251110_FrontsideNoComply180/VID_20251110_113329105.mp4
VID_20251110_113351979,FrontsideNoComply180,FrontsideNoComply180,20251110_videos_LDF_Caveman-Tricks-Steps_lightissues,/Volumes/HHN_LBSBLab/HHN_GECKO_LBSBLab/HHN_GECKO_LBSBLab_videos/20251110_videos_LDF_Caveman-Tricks-Steps_lightissues/20251110_other/20251110_other_tricks/20251110_FrontsideNoComply180/VID_20251110_113351979.mp4
VID_20251110_113414894,FrontsideNoComply180,FrontsideNoComply180,20251110_videos_LDF_Caveman-Tricks-Steps_lightissues,/Volumes/HHN_LBSBLab/HHN_GECKO_LBSBLab/HHN_GECKO_LBSBLab_videos/20251110_videos_LDF_Caveman-Tricks-Steps_lightissues/20251110_other/20251110_other_tricks/20251110_FrontsideNoComply180/VID_20251110_113414894.mp4
VID_20251110_113439145,FrontsideNoComply180,FrontsideNoComply180,20251110_videos_LDF_Caveman-Tricks-Steps_lightissues,/Volumes/HHN_LBSBLab/HHN_GECKO_LBSBLab/HHN_GECKO_LBSBLab_videos/20251110_videos_LDF_Caveman-Tricks-Steps_lightissues/20251110_other/20251110_other_tricks/20251110_FrontsideNoComply180/VID_20251110_113439145.mp4
VID_20251110_113500636,FrontsideNoComply180,FrontsideNoComply180,20251110_videos_LDF_Caveman-Tricks-Steps_lightissues,/Volumes/HHN_LBSBLab/HHN_GECKO_LBSBLab/HHN_GECKO_LBSBLab_videos/20251110_videos_LDF_Caveman-Tricks-Steps_lightissues/20251110_other/20251110_other_tricks/20251110_FrontsideNoComply180/VID_20251110_113500636.mp4
VID_20251110_113521855,FrontsideNoComply180,FrontsideNoComply180,20251110_videos_LDF_Caveman-Tricks-Steps_lightissues,/Volumes/HHN_LBSBLab/HHN_GECKO_LBSBLab/HHN_GECKO_LBSBLab_videos/20251110_videos_LDF_Caveman-Tricks-Steps_lightissues/20251110_other/20251110_other_tricks/20251110_FrontsideNoComply180/VID_20251110_113521855.mp4
VID_20251110_113545322,FrontsideNoComply180,FrontsideNoComply180,20251110_videos_LDF_Caveman-Tricks-Steps_lightissues,/Volumes/HHN_LBSBLab/HHN_GECKO_LBSBLab/HHN_GECKO_LBSBLab_videos/20251110_videos_LDF_Caveman-Tricks-Steps_lightissues/20251110_other/20251110_other_tricks/20251110_FrontsideNoComply180/VID_20251110_113545322.mp4
VID_20251201_110647299_FrontsideNoComply180_001_L,FrontsideNoComply180,FrontsideNoComply180,20251201_videos_LDF_Caveman-Tricks-Steps,/Volumes/HHN_LBSBLab/HHN_GECKO_LBSBLab/HHN_GECKO_LBSBLab_videos/20251201_videos_LDF_Caveman-Tricks-Steps/20251201_other/20251201_other_tricks/VID_20251201_110647299_FrontsideNoComply180_001_L.mp4
VID_20251201_110710637_FrontsideNoComply180_002_R_failed,FrontsideNoComply180,FrontsideNoComply180,20251201_videos_LDF_Caveman-Tricks-Steps,/Volumes/HHN_LBSBLab/HHN_GECKO_LBSBLab/HHN_GECKO_LBSBLab_videos/20251201_videos_LDF_Caveman-Tricks-Steps/20251201_other/20251201_other_tricks/VID_20251201_110710637_FrontsideNoComply180_002_R_failed.mp4
VID_20251201_110759371_FrontsideNoComply180_003_L_blurred,FrontsideNoComply180,FrontsideNoComply180,20251201_videos_LDF_Caveman-Tricks-Steps,/Volumes/HHN_LBSBLab/HHN_GECKO_LBSBLab/HHN_GECKO_LBSBLab_videos/20251201_videos_LDF_Caveman-Tricks-Steps/20251201_other/20251201_other_tricks/VID_20251201_110759371_FrontsideNoComply180_003_L_blurred.mp4
VID_20251201_110823665_FrontsideNoComply180_004_R_blurred,FrontsideNoComply180,FrontsideNoComply180,20251201_videos_LDF_Caveman-Tricks-Steps,/Volumes/HHN_LBSBLab/HHN_GECKO_LBSBLab/HHN_GECKO_LBSBLab_videos/20251201_videos_LDF_Caveman-Tricks-Steps/20251201_other/20251201_other_tricks/VID_20251201_110823665_FrontsideNoComply180_004_R_blurred.mp4
VID_20251201_110844344_FrontsideNoComply180_005_L,FrontsideNoComply180,FrontsideNoComply180,20251201_videos_LDF_Caveman-Tricks-Steps,/Volumes/HHN_LBSBLab/HHN_GECKO_LBSBLab/HHN_GECKO_LBSBLab_videos/20251201_videos_LDF_Caveman-Tricks-Steps/20251201_other/20251201_other_tricks/VID_20251201_110844344_FrontsideNoComply180_005_L.mp4
VID_20251201_110905023_FrontsideNoComply180_006_R_failed,FrontsideNoComply180,FrontsideNoComply180,20251201_videos_LDF_Caveman-Tricks-Steps,/Volumes/HHN_LBSBLab/HHN_GECKO_LBSBLab/HHN_GECKO_LBSBLab_videos/20251201_videos_LDF_Caveman-Tricks-Steps/20251201_other/20251201_other_tricks/VID_20251201_110905023_FrontsideNoComply180_006_R_failed.mp4
VID_20251201_110939114_FrontsideNoComply180_007_L,FrontsideNoComply180,FrontsideNoComply180,20251201_videos_LDF_Caveman-Tricks-Steps,/Volumes/HHN_LBSBLab/HHN_GECKO_LBSBLab/HHN_GECKO_LBSBLab_videos/20251201_videos_LDF_Caveman-Tricks-Steps/20251201_other/20251201_other_tricks/VID_20251201_110939114_FrontsideNoComply180_007_L.mp4
VID_20251201_111001087_FrontsideNoComply180_008_R_blurred,FrontsideNoComply180,FrontsideNoComply180,20251201_videos_LDF_Caveman-Tricks-Steps,/Volumes/HHN_LBSBLab/HHN_GECKO_LBSBLab/HHN_GECKO_LBSBLab_videos/20251201_videos_LDF_Caveman-Tricks-Steps/20251201_other/20251201_other_tricks/VID_20251201_111001087_FrontsideNoComply180_008_R_blurred.mp4
VID_20251201_111023430_FrontsideNoComply180_009_L_failed,FrontsideNoComply180,FrontsideNoComply180,20251201_videos_LDF_Caveman-Tricks-Steps,/Volumes/HHN_LBSBLab/HHN_GECKO_LBSBLab/HHN_GECKO_LBSBLab_videos/20251201_videos_LDF_Caveman-Tricks-Steps/20251201_other/20251201_other_tricks/VID_20251201_111023430_FrontsideNoComply180_009_L_failed.mp4
VID_20251201_111107861_FrontsideNoComply180_010_R_blurred,FrontsideNoComply180,FrontsideNoComply180,20251201_videos_LDF_Caveman-Tricks-Steps,/Volumes/HHN_LBSBLab/HHN_GECKO_LBSBLab/HHN_GECKO_LBSBLab_videos/20251201_videos_LDF_Caveman-Tricks-Steps/20251201_other/20251201_other_tricks/VID_20251201_111107861_FrontsideNoComply180_010_R_blurred.mp4
VID_20251201_111132575_FrontsideNoComply180_011_L,FrontsideNoComply180,FrontsideNoComply180,20251201_videos_LDF_Caveman-Tricks-Steps,/Volumes/HHN_LBSBLab/HHN_GECKO_LBSBLab/HHN_GECKO_LBSBLab_videos/20251201_videos_LDF_Caveman-Tricks-Steps/20251201_other/20251201_other_tricks/VID_20251201_111132575_FrontsideNoComply180_011_L.mp4
VID_20251201_111156005_FrontsideNoComply180_012_R_blurred,FrontsideNoComply180,FrontsideNoComply180,20251201_videos_LDF_Caveman-Tricks-Steps,/Volumes/HHN_LBSBLab/HHN_GECKO_LBSBLab/HHN_GECKO_LBSBLab_videos/20251201_videos_LDF_Caveman-Tricks-Steps/20251201_other/20251201_other_tricks/VID_20251201_111156005_FrontsideNoComply180_012_R_blurred.mp4
VID_20251201_111217156_FrontsideNoComply180_013_L,FrontsideNoComply180,FrontsideNoComply180,20251201_videos_LDF_Caveman-Tricks-Steps,/Volumes/HHN_LBSBLab/HHN_GECKO_LBSBLab/HHN_GECKO_LBSBLab_videos/20251201_videos_LDF_Caveman-Tricks-Steps/20251201_other/20251201_other_tricks/VID_20251201_111217156_FrontsideNoComply180_013_L.mp4
VID_20251201_111239114_FrontsideNoComply180_014_R_blurred,FrontsideNoComply180,FrontsideNoComply180,20251201_videos_LDF_Caveman-Tricks-Steps,/Volumes/HHN_LBSBLab/HHN_GECKO_LBSBLab/HHN_GECKO_LBSBLab_videos/20251201_videos_LDF_Caveman-Tricks-Steps/20251201_other/20251201_other_tricks/VID_20251201_111239114_FrontsideNoComply180_014_R_blurred.mp4
VID_20251201_111301067_FrontsideNoComply180_015_L,FrontsideNoComply180,FrontsideNoComply180,20251201_videos_LDF_Caveman-Tricks-Steps,/Volumes/HHN_LBSBLab/HHN_GECKO_LBSBLab/HHN_GECKO_LBSBLab_videos/20251201_videos_LDF_Caveman-Tricks-Steps/20251201_other/20251201_other_tricks/VID_20251201_111301067_FrontsideNoComply180_015_L.mp4
VID_20251201_111321528_FrontsideNoComply180_016_R_blurred,FrontsideNoComply180,FrontsideNoComply180,20251201_videos_LDF_Caveman-Tricks-Steps,/Volumes/HHN_LBSBLab/HHN_GECKO_LBSBLab/HHN_GECKO_LBSBLab_videos/20251201_videos_LDF_Caveman-Tricks-Steps/20251201_other/20251201_other_tricks/VID_20251201_111321528_FrontsideNoComply180_016_R_blurred.mp4
VID_20251201_111342458_FrontsideNoComply180_017_L,FrontsideNoComply180,FrontsideNoComply180,20251201_videos_LDF_Caveman-Tricks-Steps,/Volumes/HHN_LBSBLab/HHN_GECKO_LBSBLab/HHN_GECKO_LBSBLab_videos/20251201_videos_LDF_Caveman-Tricks-Steps/20251201_other/20251201_other_tricks/VID_20251201_111342458_FrontsideNoComply180_017_L.mp4
VID_20251201_111404924_FrontsideNoComply180_018_R_blurred,FrontsideNoComply180,FrontsideNoComply180,20251201_videos_LDF_Caveman-Tricks-Steps,/Volumes/HHN_LBSBLab/HHN_GECKO_LBSBLab/HHN_GECKO_LBSBLab_videos/20251201_videos_LDF_Caveman-Tricks-Steps/20251201_other/20251201_other_tricks/VID_20251201_111404924_FrontsideNoComply180_018_R_blurred.mp4
VID_20251201_111425206_FrontsideNoComply180_019_L_blurred,FrontsideNoComply180,FrontsideNoComply180,20251201_videos_LDF_Caveman-Tricks-Steps,/Volumes/HHN_LBSBLab/HHN_GECKO_LBSBLab/HHN_GECKO_LBSBLab_videos/20251201_videos_LDF_Caveman-Tricks-Steps/20251201_other/20251201_other_tricks/VID_20251201_111425206_FrontsideNoComply180_019_L_blurred.mp4
VID_20251201_111445918_FrontsideNoComply180_020_R_failed,FrontsideNoComply180,FrontsideNoComply180,20251201_videos_LDF_Caveman-Tricks-Steps,/Volumes/HHN_LBSBLab/HHN_GECKO_LBSBLab/HHN_GECKO_LBSBLab_videos/20251201_videos_LDF_Caveman-Tricks-Steps/20251201_other/20251201_other_tricks/VID_20251201_111445918_FrontsideNoComply180_020_R_failed.mp4
._VID_20251110_120942551,Manual,Manual,20251110_videos_LDF_Caveman-Tricks-Steps_lightissues,/Volumes/HHN_LBSBLab/HHN_GECKO_LBSBLab/HHN_GECKO_LBSBLab_videos/20251110_videos_LDF_Caveman-Tricks-Steps_lightissues/20251110_other/20251110_other_tricks/20251110_Manual/._VID_20251110_120942551.mp4
._VID_20251110_121336404,Manual,Manual,20251110_videos_LDF_Caveman-Tricks-Steps_lightissues,/Volumes/HHN_LBSBLab/HHN_GECKO_LBSBLab/HHN_GECKO_LBSBLab_videos/20251110_videos_LDF_Caveman-Tricks-Steps_lightissues/20251110_other/20251110_other_tricks/20251110_Manual/._VID_20251110_121336404.mp4
VID_20251110_120942551,Manual,Manual,20251110_videos_LDF_Caveman-Tricks-Steps_lightissues,/Volumes/HHN_LBSBLab/HHN_GECKO_LBSBLab/HHN_GECKO_LBSBLab_videos/20251110_videos_LDF_Caveman-Tricks-Steps_lightissues/20251110_other/20251110_other_tricks/20251110_Manual/VID_20251110_120942551.mp4
VID_20251110_121001074,Manual,Manual,20251110_videos_LDF_Caveman-Tricks-Steps_lightissues,/Volumes/HHN_LBSBLab/HHN_GECKO_LBSBLab/HHN_GECKO_LBSBLab_videos/20251110_videos_LDF_Caveman-Tricks-Steps_lightissues/20251110_other/20251110_other_tricks/20251110_Manual/VID_20251110_121001074.mp4
VID_20251110_121019057,Manual,Manual,20251110_videos_LDF_Caveman-Tricks-Steps_lightissues,/Volumes/HHN_LBSBLab/HHN_GECKO_LBSBLab/HHN_GECKO_LBSBLab_videos/20251110_videos_LDF_Caveman-Tricks-Steps_lightissues/20251110_other/20251110_other_tricks/20251110_Manual/VID_20251110_121019057.mp4
VID_20251110_121037292,Manual,Manual,20251110_videos_LDF_Caveman-Tricks-Steps_lightissues,/Volumes/HHN_LBSBLab/HHN_GECKO_LBSBLab/HHN_GECKO_LBSBLab_videos/20251110_videos_LDF_Caveman-Tricks-Steps_lightissues/20251110_other/20251110_other_tricks/20251110_Manual/VID_20251110_121037292.mp4
VID_20251110_121057976,Manual,Manual,20251110_videos_LDF_Caveman-Tricks-Steps_lightissues,/Volumes/HHN_LBSBLab/HHN_GECKO_LBSBLab/HHN_GECKO_LBSBLab_videos/20251110_videos_LDF_Caveman-Tricks-Steps_lightissues/20251110_other/20251110_other_tricks/20251110_Manual/VID_20251110_121057976.mp4
VID_20251110_121118417,Manual,Manual,20251110_videos_LDF_Caveman-Tricks-Steps_lightissues,/Volumes/HHN_LBSBLab/HHN_GECKO_LBSBLab/HHN_GECKO_LBSBLab_videos/20251110_videos_LDF_Caveman-Tricks-Steps_lightissues/20251110_other/20251110_other_tricks/20251110_Manual/VID_20251110_121118417.mp4
VID_20251110_121136740,Manual,Manual,20251110_videos_LDF_Caveman-Tricks-Steps_lightissues,/Volumes/HHN_LBSBLab/HHN_GECKO_LBSBLab/HHN_GECKO_LBSBLab_videos/20251110_videos_LDF_Caveman-Tricks-Steps_lightissues/20251110_other/20251110_other_tricks/20251110_Manual/VID_20251110_121136740.mp4
VID_20251110_121158805,Manual,Manual,20251110_videos_LDF_Caveman-Tricks-Steps_lightissues,/Volumes/HHN_LBSBLab/HHN_GECKO_LBSBLab/HHN_GECKO_LBSBLab_videos/20251110_videos_LDF_Caveman-Tricks-Steps_lightissues/20251110_other/20251110_other_tricks/20251110_Manual/VID_20251110_121158805.mp4
VID_20251110_121216976,Manual,Manual,20251110_videos_LDF_Caveman-Tricks-Steps_lightissues,/Volumes/HHN_LBSBLab/HHN_GECKO_LBSBLab/HHN_GECKO_LBSBLab_videos/20251110_videos_LDF_Caveman-Tricks-Steps_lightissues/20251110_other/20251110_other_tricks/20251110_Manual/VID_20251110_121216976.mp4
VID_20251110_121235953,Manual,Manual,20251110_videos_LDF_Caveman-Tricks-Steps_lightissues,/Volumes/HHN_LBSBLab/HHN_GECKO_LBSBLab/HHN_GECKO_LBSBLab_videos/20251110_videos_LDF_Caveman-Tricks-Steps_lightissues/20251110_other/20251110_other_tricks/20251110_Manual/VID_20251110_121235953.mp4
VID_20251110_121254510,Manual,Manual,20251110_videos_LDF_Caveman-Tricks-Steps_lightissues,/Volumes/HHN_LBSBLab/HHN_GECKO_LBSBLab/HHN_GECKO_LBSBLab_videos/20251110_videos_LDF_Caveman-Tricks-Steps_lightissues/20251110_other/20251110_other_tricks/20251110_Manual/VID_20251110_121254510.mp4
VID_20251110_121312545,Manual,Manual,20251110_videos_LDF_Caveman-Tricks-Steps_lightissues,/Volumes/HHN_LBSBLab/HHN_GECKO_LBSBLab/HHN_GECKO_LBSBLab_videos/20251110_videos_LDF_Caveman-Tricks-Steps_lightissues/20251110_other/20251110_other_tricks/20251110_Manual/VID_20251110_121312545.mp4
VID_20251110_121336404,Manual,Manual,20251110_videos_LDF_Caveman-Tricks-Steps_lightissues,/Volumes/HHN_LBSBLab/HHN_GECKO_LBSBLab/HHN_GECKO_LBSBLab_videos/20251110_videos_LDF_Caveman-Tricks-Steps_lightissues/20251110_other/20251110_other_tricks/20251110_Manual/VID_20251110_121336404.mp4
VID_20251110_121353624,Manual,Manual,20251110_videos_LDF_Caveman-Tricks-Steps_lightissues,/Volumes/HHN_LBSBLab/HHN_GECKO_LBSBLab/HHN_GECKO_LBSBLab_videos/20251110_videos_LDF_Caveman-Tricks-Steps_lightissues/20251110_other/20251110_other_tricks/20251110_Manual/VID_20251110_121353624.mp4
VID_20251110_121413533,Manual,Manual,20251110_videos_LDF_Caveman-Tricks-Steps_lightissues,/Volumes/HHN_LBSBLab/HHN_GECKO_LBSBLab/HHN_GECKO_LBSBLab_videos/20251110_videos_LDF_Caveman-Tricks-Steps_lightissues/20251110_other/20251110_other_tricks/20251110_Manual/VID_20251110_121413533.mp4
VID_20251110_121437443,Manual,Manual,20251110_videos_LDF_Caveman-Tricks-Steps_lightissues,/Volumes/HHN_LBSBLab/HHN_GECKO_LBSBLab/HHN_GECKO_LBSBLab_videos/20251110_videos_LDF_Caveman-Tricks-Steps_lightissues/20251110_other/20251110_other_tricks/20251110_Manual/VID_20251110_121437443.mp4
VID_20251110_121455694,Manual,Manual,20251110_videos_LDF_Caveman-Tricks-Steps_lightissues,/Volumes/HHN_LBSBLab/HHN_GECKO_LBSBLab/HHN_GECKO_LBSBLab_videos/20251110_videos_LDF_Caveman-Tricks-Steps_lightissues/20251110_other/20251110_other_tricks/20251110_Manual/VID_20251110_121455694.mp4
VID_20251110_121514078,Manual,Manual,20251110_videos_LDF_Caveman-Tricks-Steps_lightissues,/Volumes/HHN_LBSBLab/HHN_GECKO_LBSBLab/HHN_GECKO_LBSBLab_videos/20251110_videos_LDF_Caveman-Tricks-Steps_lightissues/20251110_other/20251110_other_tricks/20251110_Manual/VID_20251110_121514078.mp4
VID_20251110_121535346,Manual,Manual,20251110_videos_LDF_Caveman-Tricks-Steps_lightissues,/Volumes/HHN_LBSBLab/HHN_GECKO_LBSBLab/HHN_GECKO_LBSBLab_videos/20251110_videos_LDF_Caveman-Tricks-Steps_lightissues/20251110_other/20251110_other_tricks/20251110_Manual/VID_20251110_121535346.mp4
VID_20251110_121553347,Manual,Manual,20251110_videos_LDF_Caveman-Tricks-Steps_lightissues,/Volumes/HHN_LBSBLab/HHN_GECKO_LBSBLab/HHN_GECKO_LBSBLab_videos/20251110_videos_LDF_Caveman-Tricks-Steps_lightissues/20251110_other/20251110_other_tricks/20251110_Manual/VID_20251110_121553347.mp4
VID_20251201_105918378_Manual_001_L,Manual,Manual,20251201_videos_LDF_Caveman-Tricks-Steps,/Volumes/HHN_LBSBLab/HHN_GECKO_LBSBLab/HHN_GECKO_LBSBLab_videos/20251201_videos_LDF_Caveman-Tricks-Steps/20251201_other/20251201_other_tricks/VID_20251201_105918378_Manual_001_L.mp4
VID_20251201_105940710_Manual_002_R,Manual,Manual,20251201_videos_LDF_Caveman-Tricks-Steps,/Volumes/HHN_LBSBLab/HHN_GECKO_LBSBLab/HHN_GECKO_LBSBLab_videos/20251201_videos_LDF_Caveman-Tricks-Steps/20251201_other/20251201_other_tricks/VID_20251201_105940710_Manual_002_R.mp4
VID_20251201_110000835_Manual_003_L,Manual,Manual,20251201_videos_LDF_Caveman-Tricks-Steps,/Volumes/HHN_LBSBLab/HHN_GECKO_LBSBLab/HHN_GECKO_LBSBLab_videos/20251201_videos_LDF_Caveman-Tricks-Steps/20251201_other/20251201_other_tricks/VID_20251201_110000835_Manual_003_L.mp4
VID_20251201_110022478_Manual_004_R,Manual,Manual,20251201_videos_LDF_Caveman-Tricks-Steps,/Volumes/HHN_LBSBLab/HHN_GECKO_LBSBLab/HHN_GECKO_LBSBLab_videos/20251201_videos_LDF_Caveman-Tricks-Steps/20251201_other/20251201_other_tricks/VID_20251201_110022478_Manual_004_R.mp4
VID_20251201_110044058_Manual_005_L,Manual,Manual,20251201_videos_LDF_Caveman-Tricks-Steps,/Volumes/HHN_LBSBLab/HHN_GECKO_LBSBLab/HHN_GECKO_LBSBLab_videos/20251201_videos_LDF_Caveman-Tricks-Steps/20251201_other/20251201_other_tricks/VID_20251201_110044058_Manual_005_L.mp4
VID_20251201_110110340_Manual_006_R_blurred,Manual,Manual,20251201_videos_LDF_Caveman-Tricks-Steps,/Volumes/HHN_LBSBLab/HHN_GECKO_LBSBLab/HHN_GECKO_LBSBLab_videos/20251201_videos_LDF_Caveman-Tricks-Steps/20251201_other/20251201_other_tricks/VID_20251201_110110340_Manual_006_R_blurred.mp4
VID_20251201_110131091_Manual_007_L_blurred,Manual,Manual,20251201_videos_LDF_Caveman-Tricks-Steps,/Volumes/HHN_LBSBLab/HHN_GECKO_LBSBLab/HHN_GECKO_LBSBLab_videos/20251201_videos_LDF_Caveman-Tricks-Steps/20251201_other/20251201_other_tricks/VID_20251201_110131091_Manual_007_L_blurred.mp4
VID_20251201_110152620_Manual_008_R,Manual,Manual,20251201_videos_LDF_Caveman-Tricks-Steps,/Volumes/HHN_LBSBLab/HHN_GECKO_LBSBLab/HHN_GECKO_LBSBLab_videos/20251201_videos_LDF_Caveman-Tricks-Steps/20251201_other/20251201_other_tricks/VID_20251201_110152620_Manual_008_R.mp4
VID_20251201_110212117_Manual_009_L_blurred,Manual,Manual,20251201_videos_LDF_Caveman-Tricks-Steps,/Volumes/HHN_LBSBLab/HHN_GECKO_LBSBLab/HHN_GECKO_LBSBLab_videos/20251201_videos_LDF_Caveman-Tricks-Steps/20251201_other/20251201_other_tricks/VID_20251201_110212117_Manual_009_L_blurred.mp4
VID_20251201_110232970_Manual_010_R,Manual,Manual,20251201_videos_LDF_Caveman-Tricks-Steps,/Volumes/HHN_LBSBLab/HHN_GECKO_LBSBLab/HHN_GECKO_LBSBLab_videos/20251201_videos_LDF_Caveman-Tricks-Steps/20251201_other/20251201_other_tricks/VID_20251201_110232970_Manual_010_R.mp4
20260330_123525_Manual_002_L,Manual,Manual,20260330_videos_LDF_Tricks,/Volumes/HHN_LBSBLab/HHN_GECKO_LBSBLab/HHN_GECKO_LBSBLab_videos/20260330_videos_LDF_Tricks/20260330_123525_Manual_002_L.mp4
._VID_20251110_110812595,NoComplyUnderflip,NoComplyUnderflip,20251110_videos_LDF_Caveman-Tricks-Steps_lightissues,/Volumes/HHN_LBSBLab/HHN_GECKO_LBSBLab/HHN_GECKO_LBSBLab_videos/20251110_videos_LDF_Caveman-Tricks-Steps_lightissues/20251110_other/20251110_other_tricks/20251110_NoComplyUnderflip/._VID_20251110_110812595.mp4
._VID_20251110_111745834,NoComplyUnderflip,NoComplyUnderflip,20251110_videos_LDF_Caveman-Tricks-Steps_lightissues,/Volumes/HHN_LBSBLab/HHN_GECKO_LBSBLab/HHN_GECKO_LBSBLab_videos/20251110_videos_LDF_Caveman-Tricks-Steps_lightissues/20251110_other/20251110_other_tricks/20251110_NoComplyUnderflip/._VID_20251110_111745834.mp4
VID_20251110_110812595,NoComplyUnderflip,NoComplyUnderflip,20251110_videos_LDF_Caveman-Tricks-Steps_lightissues,/Volumes/HHN_LBSBLab/HHN_GECKO_LBSBLab/HHN_GECKO_LBSBLab_videos/20251110_videos_LDF_Caveman-Tricks-Steps_lightissues/20251110_other/20251110_other_tricks/20251110_NoComplyUnderflip/VID_20251110_110812595.mp4
VID_20251110_110832639,NoComplyUnderflip,NoComplyUnderflip,20251110_videos_LDF_Caveman-Tricks-Steps_lightissues,/Volumes/HHN_LBSBLab/HHN_GECKO_LBSBLab/HHN_GECKO_LBSBLab_videos/20251110_videos_LDF_Caveman-Tricks-Steps_lightissues/20251110_other/20251110_other_tricks/20251110_NoComplyUnderflip/VID_20251110_110832639.mp4
VID_20251110_110855781,NoComplyUnderflip,NoComplyUnderflip,20251110_videos_LDF_Caveman-Tricks-Steps_lightissues,/Volumes/HHN_LBSBLab/HHN_GECKO_LBSBLab/HHN_GECKO_LBSBLab_videos/20251110_videos_LDF_Caveman-Tricks-Steps_lightissues/20251110_other/20251110_other_tricks/20251110_NoComplyUnderflip/VID_20251110_110855781.mp4
VID_20251110_110921186,NoComplyUnderflip,NoComplyUnderflip,20251110_videos_LDF_Caveman-Tricks-Steps_lightissues,/Volumes/HHN_LBSBLab/HHN_GECKO_LBSBLab/HHN_GECKO_LBSBLab_videos/20251110_videos_LDF_Caveman-Tricks-Steps_lightissues/20251110_other/20251110_other_tricks/20251110_NoComplyUnderflip/VID_20251110_110921186.mp4
VID_20251110_110943879,NoComplyUnderflip,NoComplyUnderflip,20251110_videos_LDF_Caveman-Tricks-Steps_lightissues,/Volumes/HHN_LBSBLab/HHN_GECKO_LBSBLab/HHN_GECKO_LBSBLab_videos/20251110_videos_LDF_Caveman-Tricks-Steps_lightissues/20251110_other/20251110_other_tricks/20251110_NoComplyUnderflip/VID_20251110_110943879.mp4
VID_20251110_111003660_R_failed,NoComplyUnderflip,NoComplyUnderflip,20251110_videos_LDF_Caveman-Tricks-Steps_lightissues,/Volumes/HHN_LBSBLab/HHN_GECKO_LBSBLab/HHN_GECKO_LBSBLab_videos/20251110_videos_LDF_Caveman-Tricks-Steps_lightissues/20251110_other/20251110_other_tricks/20251110_NoComplyUnderflip/VID_20251110_111003660_R_failed.mp4
VID_20251110_111104149,NoComplyUnderflip,NoComplyUnderflip,20251110_videos_LDF_Caveman-Tricks-Steps_lightissues,/Volumes/HHN_LBSBLab/HHN_GECKO_LBSBLab/HHN_GECKO_LBSBLab_videos/20251110_videos_LDF_Caveman-Tricks-Steps_lightissues/20251110_other/20251110_other_tricks/20251110_NoComplyUnderflip/VID_20251110_111104149.mp4
VID_20251110_111123663,NoComplyUnderflip,NoComplyUnderflip,20251110_videos_LDF_Caveman-Tricks-Steps_lightissues,/Volumes/HHN_LBSBLab/HHN_GECKO_LBSBLab/HHN_GECKO_LBSBLab_videos/20251110_videos_LDF_Caveman-Tricks-Steps_lightissues/20251110_other/20251110_other_tricks/20251110_NoComplyUnderflip/VID_20251110_111123663.mp4
VID_20251110_111147040,NoComplyUnderflip,NoComplyUnderflip,20251110_videos_LDF_Caveman-Tricks-Steps_lightissues,/Volumes/HHN_LBSBLab/HHN_GECKO_LBSBLab/HHN_GECKO_LBSBLab_videos/20251110_videos_LDF_Caveman-Tricks-Steps_lightissues/20251110_other/20251110_other_tricks/20251110_NoComplyUnderflip/VID_20251110_111147040.mp4
VID_20251110_111209329,NoComplyUnderflip,NoComplyUnderflip,20251110_videos_LDF_Caveman-Tricks-Steps_lightissues,/Volumes/HHN_LBSBLab/HHN_GECKO_LBSBLab/HHN_GECKO_LBSBLab_videos/20251110_videos_LDF_Caveman-Tricks-Steps_lightissues/20251110_other/20251110_other_tricks/20251110_NoComplyUnderflip/VID_20251110_111209329.mp4
VID_20251110_111328993,NoComplyUnderflip,NoComplyUnderflip,20251110_videos_LDF_Caveman-Tricks-Steps_lightissues,/Volumes/HHN_LBSBLab/HHN_GECKO_LBSBLab/HHN_GECKO_LBSBLab_videos/20251110_videos_LDF_Caveman-Tricks-Steps_lightissues/20251110_other/20251110_other_tricks/20251110_NoComplyUnderflip/VID_20251110_111328993.mp4
VID_20251110_111349036,NoComplyUnderflip,NoComplyUnderflip,20251110_videos_LDF_Caveman-Tricks-Steps_lightissues,/Volumes/HHN_LBSBLab/HHN_GECKO_LBSBLab/HHN_GECKO_LBSBLab_videos/20251110_videos_LDF_Caveman-Tricks-Steps_lightissues/20251110_other/20251110_other_tricks/20251110_NoComplyUnderflip/VID_20251110_111349036.mp4
VID_20251110_111411609,NoComplyUnderflip,NoComplyUnderflip,20251110_videos_LDF_Caveman-Tricks-Steps_lightissues,/Volumes/HHN_LBSBLab/HHN_GECKO_LBSBLab/HHN_GECKO_LBSBLab_videos/20251110_videos_LDF_Caveman-Tricks-Steps_lightissues/20251110_other/20251110_other_tricks/20251110_NoComplyUnderflip/VID_20251110_111411609.mp4
VID_20251110_111434497,NoComplyUnderflip,NoComplyUnderflip,20251110_videos_LDF_Caveman-Tricks-Steps_lightissues,/Volumes/HHN_LBSBLab/HHN_GECKO_LBSBLab/HHN_GECKO_LBSBLab_videos/20251110_videos_LDF_Caveman-Tricks-Steps_lightissues/20251110_other/20251110_other_tricks/20251110_NoComplyUnderflip/VID_20251110_111434497.mp4
VID_20251110_111458981,NoComplyUnderflip,NoComplyUnderflip,20251110_videos_LDF_Caveman-Tricks-Steps_lightissues,/Volumes/HHN_LBSBLab/HHN_GECKO_LBSBLab/HHN_GECKO_LBSBLab_videos/20251110_videos_LDF_Caveman-Tricks-Steps_lightissues/20251110_other/20251110_other_tricks/20251110_NoComplyUnderflip/VID_20251110_111458981.mp4
VID_20251110_111520240,NoComplyUnderflip,NoComplyUnderflip,20251110_videos_LDF_Caveman-Tricks-Steps_lightissues,/Volumes/HHN_LBSBLab/HHN_GECKO_LBSBLab/HHN_GECKO_LBSBLab_videos/20251110_videos_LDF_Caveman-Tricks-Steps_lightissues/20251110_other/20251110_other_tricks/20251110_NoComplyUnderflip/VID_20251110_111520240.mp4
VID_20251110_111541032,NoComplyUnderflip,NoComplyUnderflip,20251110_videos_LDF_Caveman-Tricks-Steps_lightissues,/Volumes/HHN_LBSBLab/HHN_GECKO_LBSBLab/HHN_GECKO_LBSBLab_videos/20251110_videos_LDF_Caveman-Tricks-Steps_lightissues/20251110_other/20251110_other_tricks/20251110_NoComplyUnderflip/VID_20251110_111541032.mp4
VID_20251110_111601797,NoComplyUnderflip,NoComplyUnderflip,20251110_videos_LDF_Caveman-Tricks-Steps_lightissues,/Volumes/HHN_LBSBLab/HHN_GECKO_LBSBLab/HHN_GECKO_LBSBLab_videos/20251110_videos_LDF_Caveman-Tricks-Steps_lightissues/20251110_other/20251110_other_tricks/20251110_NoComplyUnderflip/VID_20251110_111601797.mp4
VID_20251110_111623992,NoComplyUnderflip,NoComplyUnderflip,20251110_videos_LDF_Caveman-Tricks-Steps_lightissues,/Volumes/HHN_LBSBLab/HHN_GECKO_LBSBLab/HHN_GECKO_LBSBLab_videos/20251110_videos_LDF_Caveman-Tricks-Steps_lightissues/20251110_other/20251110_other_tricks/20251110_NoComplyUnderflip/VID_20251110_111623992.mp4
VID_20251110_111700586,NoComplyUnderflip,NoComplyUnderflip,20251110_videos_LDF_Caveman-Tricks-Steps_lightissues,/Volumes/HHN_LBSBLab/HHN_GECKO_LBSBLab/HHN_GECKO_LBSBLab_videos/20251110_videos_LDF_Caveman-Tricks-Steps_lightissues/20251110_other/20251110_other_tricks/20251110_NoComplyUnderflip/VID_20251110_111700586.mp4
VID_20251110_111725817,NoComplyUnderflip,NoComplyUnderflip,20251110_videos_LDF_Caveman-Tricks-Steps_lightissues,/Volumes/HHN_LBSBLab/HHN_GECKO_LBSBLab/HHN_GECKO_LBSBLab_videos/20251110_videos_LDF_Caveman-Tricks-Steps_lightissues/20251110_other/20251110_other_tricks/20251110_NoComplyUnderflip/VID_20251110_111725817.mp4
VID_20251110_111745834,NoComplyUnderflip,NoComplyUnderflip,20251110_videos_LDF_Caveman-Tricks-Steps_lightissues,/Volumes/HHN_LBSBLab/HHN_GECKO_LBSBLab/HHN_GECKO_LBSBLab_videos/20251110_videos_LDF_Caveman-Tricks-Steps_lightissues/20251110_other/20251110_other_tricks/20251110_NoComplyUnderflip/VID_20251110_111745834.mp4
VID_20251110_111807649,NoComplyUnderflip,NoComplyUnderflip,20251110_videos_LDF_Caveman-Tricks-Steps_lightissues,/Volumes/HHN_LBSBLab/HHN_GECKO_LBSBLab/HHN_GECKO_LBSBLab_videos/20251110_videos_LDF_Caveman-Tricks-Steps_lightissues/20251110_other/20251110_other_tricks/20251110_NoComplyUnderflip/VID_20251110_111807649.mp4
VID_20251110_111827896,NoComplyUnderflip,NoComplyUnderflip,20251110_videos_LDF_Caveman-Tricks-Steps_lightissues,/Volumes/HHN_LBSBLab/HHN_GECKO_LBSBLab/HHN_GECKO_LBSBLab_videos/20251110_videos_LDF_Caveman-Tricks-Steps_lightissues/20251110_other/20251110_other_tricks/20251110_NoComplyUnderflip/VID_20251110_111827896.mp4
VID_20251110_111848630,NoComplyUnderflip,NoComplyUnderflip,20251110_videos_LDF_Caveman-Tricks-Steps_lightissues,/Volumes/HHN_LBSBLab/HHN_GECKO_LBSBLab/HHN_GECKO_LBSBLab_videos/20251110_videos_LDF_Caveman-Tricks-Steps_lightissues/20251110_other/20251110_other_tricks/20251110_NoComplyUnderflip/VID_20251110_111848630.mp4
VID_20251110_111912844,NoComplyUnderflip,NoComplyUnderflip,20251110_videos_LDF_Caveman-Tricks-Steps_lightissues,/Volumes/HHN_LBSBLab/HHN_GECKO_LBSBLab/HHN_GECKO_LBSBLab_videos/20251110_videos_LDF_Caveman-Tricks-Steps_lightissues/20251110_other/20251110_other_tricks/20251110_NoComplyUnderflip/VID_20251110_111912844.mp4
VID_20251110_111938789,NoComplyUnderflip,NoComplyUnderflip,20251110_videos_LDF_Caveman-Tricks-Steps_lightissues,/Volumes/HHN_LBSBLab/HHN_GECKO_LBSBLab/HHN_GECKO_LBSBLab_videos/20251110_videos_LDF_Caveman-Tricks-Steps_lightissues/20251110_other/20251110_other_tricks/20251110_NoComplyUnderflip/VID_20251110_111938789.mp4
VID_20251110_112113470,NoComplyUnderflip,NoComplyUnderflip,20251110_videos_LDF_Caveman-Tricks-Steps_lightissues,/Volumes/HHN_LBSBLab/HHN_GECKO_LBSBLab/HHN_GECKO_LBSBLab_videos/20251110_videos_LDF_Caveman-Tricks-Steps_lightissues/20251110_other/20251110_other_tricks/20251110_NoComplyUnderflip/VID_20251110_112113470.mp4
VID_20251110_112145117,NoComplyUnderflip,NoComplyUnderflip,20251110_videos_LDF_Caveman-Tricks-Steps_lightissues,/Volumes/HHN_LBSBLab/HHN_GECKO_LBSBLab/HHN_GECKO_LBSBLab_videos/20251110_videos_LDF_Caveman-Tricks-Steps_lightissues/20251110_other/20251110_other_tricks/20251110_NoComplyUnderflip/VID_20251110_112145117.mp4
VID_20251110_112206826,NoComplyUnderflip,NoComplyUnderflip,20251110_videos_LDF_Caveman-Tricks-Steps_lightissues,/Volumes/HHN_LBSBLab/HHN_GECKO_LBSBLab/HHN_GECKO_LBSBLab_videos/20251110_videos_LDF_Caveman-Tricks-Steps_lightissues/20251110_other/20251110_other_tricks/20251110_NoComplyUnderflip/VID_20251110_112206826.mp4
VID_20251201_105549316_NoComplyUnderflip_001_L,NoComplyUnderflip,NoComplyUnderflip,20251201_videos_LDF_Caveman-Tricks-Steps,/Volumes/HHN_LBSBLab/HHN_GECKO_LBSBLab/HHN_GECKO_LBSBLab_videos/20251201_videos_LDF_Caveman-Tricks-Steps/20251201_other/20251201_other_tricks/VID_20251201_105549316_NoComplyUnderflip_001_L.mp4
VID_20251201_105608782_NoComplyUnderflip_002_R,NoComplyUnderflip,NoComplyUnderflip,20251201_videos_LDF_Caveman-Tricks-Steps,/Volumes/HHN_LBSBLab/HHN_GECKO_LBSBLab/HHN_GECKO_LBSBLab_videos/20251201_videos_LDF_Caveman-Tricks-Steps/20251201_other/20251201_other_tricks/VID_20251201_105608782_NoComplyUnderflip_002_R.mp4
VID_20251201_105628451_NoComplyUnderflip_003_L_blurred,NoComplyUnderflip,NoComplyUnderflip,20251201_videos_LDF_Caveman-Tricks-Steps,/Volumes/HHN_LBSBLab/HHN_GECKO_LBSBLab/HHN_GECKO_LBSBLab_videos/20251201_videos_LDF_Caveman-Tricks-Steps/20251201_other/20251201_other_tricks/VID_20251201_105628451_NoComplyUnderflip_003_L_blurred.mp4
VID_20251201_105648515_NoComplyUnderflip_004_R_blurred,NoComplyUnderflip,NoComplyUnderflip,20251201_videos_LDF_Caveman-Tricks-Steps,/Volumes/HHN_LBSBLab/HHN_GECKO_LBSBLab/HHN_GECKO_LBSBLab_videos/20251201_videos_LDF_Caveman-Tricks-Steps/20251201_other/20251201_other_tricks/VID_20251201_105648515_NoComplyUnderflip_004_R_blurred.mp4
VID_20251201_105709223_NoComplyUnderflip_005_L,NoComplyUnderflip,NoComplyUnderflip,20251201_videos_LDF_Caveman-Tricks-Steps,/Volumes/HHN_LBSBLab/HHN_GECKO_LBSBLab/HHN_GECKO_LBSBLab_videos/20251201_videos_LDF_Caveman-Tricks-Steps/20251201_other/20251201_other_tricks/VID_20251201_105709223_NoComplyUnderflip_005_L.mp4
VID_20251201_105730855_NoComplyUnderflip_006_R,NoComplyUnderflip,NoComplyUnderflip,20251201_videos_LDF_Caveman-Tricks-Steps,/Volumes/HHN_LBSBLab/HHN_GECKO_LBSBLab/HHN_GECKO_LBSBLab_videos/20251201_videos_LDF_Caveman-Tricks-Steps/20251201_other/20251201_other_tricks/VID_20251201_105730855_NoComplyUnderflip_006_R.mp4
VID_20251201_105750926_NoComplyUnderflip_007_L,NoComplyUnderflip,NoComplyUnderflip,20251201_videos_LDF_Caveman-Tricks-Steps,/Volumes/HHN_LBSBLab/HHN_GECKO_LBSBLab/HHN_GECKO_LBSBLab_videos/20251201_videos_LDF_Caveman-Tricks-Steps/20251201_other/20251201_other_tricks/VID_20251201_105750926_NoComplyUnderflip_007_L.mp4
VID_20251201_105812927_NoComplyUnderflip_008_R,NoComplyUnderflip,NoComplyUnderflip,20251201_videos_LDF_Caveman-Tricks-Steps,/Volumes/HHN_LBSBLab/HHN_GECKO_LBSBLab/HHN_GECKO_LBSBLab_videos/20251201_videos_LDF_Caveman-Tricks-Steps/20251201_other/20251201_other_tricks/VID_20251201_105812927_NoComplyUnderflip_008_R.mp4
VID_20251201_105835366_NoComplyUnderflip_009_L,NoComplyUnderflip,NoComplyUnderflip,20251201_videos_LDF_Caveman-Tricks-Steps,/Volumes/HHN_LBSBLab/HHN_GECKO_LBSBLab/HHN_GECKO_LBSBLab_videos/20251201_videos_LDF_Caveman-Tricks-Steps/20251201_other/20251201_other_tricks/VID_20251201_105835366_NoComplyUnderflip_009_L.mp4
VID_20251201_105854281_NoComplyUnderflip_010_R,NoComplyUnderflip,NoComplyUnderflip,20251201_videos_LDF_Caveman-Tricks-Steps,/Volumes/HHN_LBSBLab/HHN_GECKO_LBSBLab/HHN_GECKO_LBSBLab_videos/20251201_videos_LDF_Caveman-Tricks-Steps/20251201_other/20251201_other_tricks/VID_20251201_105854281_NoComplyUnderflip_010_R.mp4
VID_20251110_103544109,NollieFrontside180Pivot,NollieFrontside180Pivot,20251110_videos_LDF_Caveman-Tricks-Steps_lightissues,/Volumes/HHN_LBSBLab/HHN_GECKO_LBSBLab/HHN_GECKO_LBSBLab_videos/20251110_videos_LDF_Caveman-Tricks-Steps_lightissues/20251110_other/20251110_other_tricks/20251110_NollieFrontside180Pivot/VID_20251110_103544109.mp4
VID_20251110_103606507,NollieFrontside180Pivot,NollieFrontside180Pivot,20251110_videos_LDF_Caveman-Tricks-Steps_lightissues,/Volumes/HHN_LBSBLab/HHN_GECKO_LBSBLab/HHN_GECKO_LBSBLab_videos/20251110_videos_LDF_Caveman-Tricks-Steps_lightissues/20251110_other/20251110_other_tricks/20251110_NollieFrontside180Pivot/VID_20251110_103606507.mp4
VID_20251110_103628832,NollieFrontside180Pivot,NollieFrontside180Pivot,20251110_videos_LDF_Caveman-Tricks-Steps_lightissues,/Volumes/HHN_LBSBLab/HHN_GECKO_LBSBLab/HHN_GECKO_LBSBLab_videos/20251110_videos_LDF_Caveman-Tricks-Steps_lightissues/20251110_other/20251110_other_tricks/20251110_NollieFrontside180Pivot/VID_20251110_103628832.mp4
VID_20251110_103649659,NollieFrontside180Pivot,NollieFrontside180Pivot,20251110_videos_LDF_Caveman-Tricks-Steps_lightissues,/Volumes/HHN_LBSBLab/HHN_GECKO_LBSBLab/HHN_GECKO_LBSBLab_videos/20251110_videos_LDF_Caveman-Tricks-Steps_lightissues/20251110_other/20251110_other_tricks/20251110_NollieFrontside180Pivot/VID_20251110_103649659.mp4
VID_20251110_103711322,NollieFrontside180Pivot,NollieFrontside180Pivot,20251110_videos_LDF_Caveman-Tricks-Steps_lightissues,/Volumes/HHN_LBSBLab/HHN_GECKO_LBSBLab/HHN_GECKO_LBSBLab_videos/20251110_videos_LDF_Caveman-Tricks-Steps_lightissues/20251110_other/20251110_other_tricks/20251110_NollieFrontside180Pivot/VID_20251110_103711322.mp4
VID_20251110_103732037,NollieFrontside180Pivot,NollieFrontside180Pivot,20251110_videos_LDF_Caveman-Tricks-Steps_lightissues,/Volumes/HHN_LBSBLab/HHN_GECKO_LBSBLab/HHN_GECKO_LBSBLab_videos/20251110_videos_LDF_Caveman-Tricks-Steps_lightissues/20251110_other/20251110_other_tricks/20251110_NollieFrontside180Pivot/VID_20251110_103732037.mp4
VID_20251110_103754555,NollieFrontside180Pivot,NollieFrontside180Pivot,20251110_videos_LDF_Caveman-Tricks-Steps_lightissues,/Volumes/HHN_LBSBLab/HHN_GECKO_LBSBLab/HHN_GECKO_LBSBLab_videos/20251110_videos_LDF_Caveman-Tricks-Steps_lightissues/20251110_other/20251110_other_tricks/20251110_NollieFrontside180Pivot/VID_20251110_103754555.mp4
VID_20251110_103814105,NollieFrontside180Pivot,NollieFrontside180Pivot,20251110_videos_LDF_Caveman-Tricks-Steps_lightissues,/Volumes/HHN_LBSBLab/HHN_GECKO_LBSBLab/HHN_GECKO_LBSBLab_videos/20251110_videos_LDF_Caveman-Tricks-Steps_lightissues/20251110_other/20251110_other_tricks/20251110_NollieFrontside180Pivot/VID_20251110_103814105.mp4
VID_20251110_103834839,NollieFrontside180Pivot,NollieFrontside180Pivot,20251110_videos_LDF_Caveman-Tricks-Steps_lightissues,/Volumes/HHN_LBSBLab/HHN_GECKO_LBSBLab/HHN_GECKO_LBSBLab_videos/20251110_videos_LDF_Caveman-Tricks-Steps_lightissues/20251110_other/20251110_other_tricks/20251110_NollieFrontside180Pivot/VID_20251110_103834839.mp4
VID_20251110_103855297,NollieFrontside180Pivot,NollieFrontside180Pivot,20251110_videos_LDF_Caveman-Tricks-Steps_lightissues,/Volumes/HHN_LBSBLab/HHN_GECKO_LBSBLab/HHN_GECKO_LBSBLab_videos/20251110_videos_LDF_Caveman-Tricks-Steps_lightissues/20251110_other/20251110_other_tricks/20251110_NollieFrontside180Pivot/VID_20251110_103855297.mp4
VID_20251110_103917062,NollieFrontside180Pivot,NollieFrontside180Pivot,20251110_videos_LDF_Caveman-Tricks-Steps_lightissues,/Volumes/HHN_LBSBLab/HHN_GECKO_LBSBLab/HHN_GECKO_LBSBLab_videos/20251110_videos_LDF_Caveman-Tricks-Steps_lightissues/20251110_other/20251110_other_tricks/20251110_NollieFrontside180Pivot/VID_20251110_103917062.mp4
VID_20251110_103937692,NollieFrontside180Pivot,NollieFrontside180Pivot,20251110_videos_LDF_Caveman-Tricks-Steps_lightissues,/Volumes/HHN_LBSBLab/HHN_GECKO_LBSBLab/HHN_GECKO_LBSBLab_videos/20251110_videos_LDF_Caveman-Tricks-Steps_lightissues/20251110_other/20251110_other_tricks/20251110_NollieFrontside180Pivot/VID_20251110_103937692.mp4
VID_20251110_103958250,NollieFrontside180Pivot,NollieFrontside180Pivot,20251110_videos_LDF_Caveman-Tricks-Steps_lightissues,/Volumes/HHN_LBSBLab/HHN_GECKO_LBSBLab/HHN_GECKO_LBSBLab_videos/20251110_videos_LDF_Caveman-Tricks-Steps_lightissues/20251110_other/20251110_other_tricks/20251110_NollieFrontside180Pivot/VID_20251110_103958250.mp4
VID_20251110_104018783,NollieFrontside180Pivot,NollieFrontside180Pivot,20251110_videos_LDF_Caveman-Tricks-Steps_lightissues,/Volumes/HHN_LBSBLab/HHN_GECKO_LBSBLab/HHN_GECKO_LBSBLab_videos/20251110_videos_LDF_Caveman-Tricks-Steps_lightissues/20251110_other/20251110_other_tricks/20251110_NollieFrontside180Pivot/VID_20251110_104018783.mp4
VID_20251110_104039057,NollieFrontside180Pivot,NollieFrontside180Pivot,20251110_videos_LDF_Caveman-Tricks-Steps_lightissues,/Volumes/HHN_LBSBLab/HHN_GECKO_LBSBLab/HHN_GECKO_LBSBLab_videos/20251110_videos_LDF_Caveman-Tricks-Steps_lightissues/20251110_other/20251110_other_tricks/20251110_NollieFrontside180Pivot/VID_20251110_104039057.mp4
VID_20251110_104059294,NollieFrontside180Pivot,NollieFrontside180Pivot,20251110_videos_LDF_Caveman-Tricks-Steps_lightissues,/Volumes/HHN_LBSBLab/HHN_GECKO_LBSBLab/HHN_GECKO_LBSBLab_videos/20251110_videos_LDF_Caveman-Tricks-Steps_lightissues/20251110_other/20251110_other_tricks/20251110_NollieFrontside180Pivot/VID_20251110_104059294.mp4
VID_20251110_104119540,NollieFrontside180Pivot,NollieFrontside180Pivot,20251110_videos_LDF_Caveman-Tricks-Steps_lightissues,/Volumes/HHN_LBSBLab/HHN_GECKO_LBSBLab/HHN_GECKO_LBSBLab_videos/20251110_videos_LDF_Caveman-Tricks-Steps_lightissues/20251110_other/20251110_other_tricks/20251110_NollieFrontside180Pivot/VID_20251110_104119540.mp4
VID_20251110_104139725,NollieFrontside180Pivot,NollieFrontside180Pivot,20251110_videos_LDF_Caveman-Tricks-Steps_lightissues,/Volumes/HHN_LBSBLab/HHN_GECKO_LBSBLab/HHN_GECKO_LBSBLab_videos/20251110_videos_LDF_Caveman-Tricks-Steps_lightissues/20251110_other/20251110_other_tricks/20251110_NollieFrontside180Pivot/VID_20251110_104139725.mp4
VID_20251110_104211444,NollieFrontside180Pivot,NollieFrontside180Pivot,20251110_videos_LDF_Caveman-Tricks-Steps_lightissues,/Volumes/HHN_LBSBLab/HHN_GECKO_LBSBLab/HHN_GECKO_LBSBLab_videos/20251110_videos_LDF_Caveman-Tricks-Steps_lightissues/20251110_other/20251110_other_tricks/20251110_NollieFrontside180Pivot/VID_20251110_104211444.mp4
VID_20251110_104233248,NollieFrontside180Pivot,NollieFrontside180Pivot,20251110_videos_LDF_Caveman-Tricks-Steps_lightissues,/Volumes/HHN_LBSBLab/HHN_GECKO_LBSBLab/HHN_GECKO_LBSBLab_videos/20251110_videos_LDF_Caveman-Tricks-Steps_lightissues/20251110_other/20251110_other_tricks/20251110_NollieFrontside180Pivot/VID_20251110_104233248.mp4
._VID_20251110_104314596,NollieFrontside180Shuvit,NollieFrontside180Shuvit,20251110_videos_LDF_Caveman-Tricks-Steps_lightissues,/Volumes/HHN_LBSBLab/HHN_GECKO_LBSBLab/HHN_GECKO_LBSBLab_videos/20251110_videos_LDF_Caveman-Tricks-Steps_lightissues/20251110_other/20251110_other_tricks/20251110_NollieFrontside180Shuvit/._VID_20251110_104314596.mp4
VID_20251110_104314596,NollieFrontside180Shuvit,NollieFrontside180Shuvit,20251110_videos_LDF_Caveman-Tricks-Steps_lightissues,/Volumes/HHN_LBSBLab/HHN_GECKO_LBSBLab/HHN_GECKO_LBSBLab_videos/20251110_videos_LDF_Caveman-Tricks-Steps_lightissues/20251110_other/20251110_other_tricks/20251110_NollieFrontside180Shuvit/VID_20251110_104314596.mp4
VID_20251110_104335451,NollieFrontside180Shuvit,NollieFrontside180Shuvit,20251110_videos_LDF_Caveman-Tricks-Steps_lightissues,/Volumes/HHN_LBSBLab/HHN_GECKO_LBSBLab/HHN_GECKO_LBSBLab_videos/20251110_videos_LDF_Caveman-Tricks-Steps_lightissues/20251110_other/20251110_other_tricks/20251110_NollieFrontside180Shuvit/VID_20251110_104335451.mp4
VID_20251110_104356278,NollieFrontside180Shuvit,NollieFrontside180Shuvit,20251110_videos_LDF_Caveman-Tricks-Steps_lightissues,/Volumes/HHN_LBSBLab/HHN_GECKO_LBSBLab/HHN_GECKO_LBSBLab_videos/20251110_videos_LDF_Caveman-Tricks-Steps_lightissues/20251110_other/20251110_other_tricks/20251110_NollieFrontside180Shuvit/VID_20251110_104356278.mp4
VID_20251110_104414628,NollieFrontside180Shuvit,NollieFrontside180Shuvit,20251110_videos_LDF_Caveman-Tricks-Steps_lightissues,/Volumes/HHN_LBSBLab/HHN_GECKO_LBSBLab/HHN_GECKO_LBSBLab_videos/20251110_videos_LDF_Caveman-Tricks-Steps_lightissues/20251110_other/20251110_other_tricks/20251110_NollieFrontside180Shuvit/VID_20251110_104414628.mp4
VID_20251110_104434068,NollieFrontside180Shuvit,NollieFrontside180Shuvit,20251110_videos_LDF_Caveman-Tricks-Steps_lightissues,/Volumes/HHN_LBSBLab/HHN_GECKO_LBSBLab/HHN_GECKO_LBSBLab_videos/20251110_videos_LDF_Caveman-Tricks-Steps_lightissues/20251110_other/20251110_other_tricks/20251110_NollieFrontside180Shuvit/VID_20251110_104434068.mp4
VID_20251110_104453348,NollieFrontside180Shuvit,NollieFrontside180Shuvit,20251110_videos_LDF_Caveman-Tricks-Steps_lightissues,/Volumes/HHN_LBSBLab/HHN_GECKO_LBSBLab/HHN_GECKO_LBSBLab_videos/20251110_videos_LDF_Caveman-Tricks-Steps_lightissues/20251110_other/20251110_other_tricks/20251110_NollieFrontside180Shuvit/VID_20251110_104453348.mp4
VID_20251110_104512778,NollieFrontside180Shuvit,NollieFrontside180Shuvit,20251110_videos_LDF_Caveman-Tricks-Steps_lightissues,/Volumes/HHN_LBSBLab/HHN_GECKO_LBSBLab/HHN_GECKO_LBSBLab_videos/20251110_videos_LDF_Caveman-Tricks-Steps_lightissues/20251110_other/20251110_other_tricks/20251110_NollieFrontside180Shuvit/VID_20251110_104512778.mp4
VID_20251110_104534685,NollieFrontside180Shuvit,NollieFrontside180Shuvit,20251110_videos_LDF_Caveman-Tricks-Steps_lightissues,/Volumes/HHN_LBSBLab/HHN_GECKO_LBSBLab/HHN_GECKO_LBSBLab_videos/20251110_videos_LDF_Caveman-Tricks-Steps_lightissues/20251110_other/20251110_other_tricks/20251110_NollieFrontside180Shuvit/VID_20251110_104534685.mp4
VID_20251110_104554795,NollieFrontside180Shuvit,NollieFrontside180Shuvit,20251110_videos_LDF_Caveman-Tricks-Steps_lightissues,/Volumes/HHN_LBSBLab/HHN_GECKO_LBSBLab/HHN_GECKO_LBSBLab_videos/20251110_videos_LDF_Caveman-Tricks-Steps_lightissues/20251110_other/20251110_other_tricks/20251110_NollieFrontside180Shuvit/VID_20251110_104554795.mp4
VID_20251110_104615585,NollieFrontside180Shuvit,NollieFrontside180Shuvit,20251110_videos_LDF_Caveman-Tricks-Steps_lightissues,/Volumes/HHN_LBSBLab/HHN_GECKO_LBSBLab/HHN_GECKO_LBSBLab_videos/20251110_videos_LDF_Caveman-Tricks-Steps_lightissues/20251110_other/20251110_other_tricks/20251110_NollieFrontside180Shuvit/VID_20251110_104615585.mp4
VID_20251110_104704094,NollieFrontside180Shuvit,NollieFrontside180Shuvit,20251110_videos_LDF_Caveman-Tricks-Steps_lightissues,/Volumes/HHN_LBSBLab/HHN_GECKO_LBSBLab/HHN_GECKO_LBSBLab_videos/20251110_videos_LDF_Caveman-Tricks-Steps_lightissues/20251110_other/20251110_other_tricks/20251110_NollieFrontside180Shuvit/VID_20251110_104704094.mp4
VID_20251110_104723366,NollieFrontside180Shuvit,NollieFrontside180Shuvit,20251110_videos_LDF_Caveman-Tricks-Steps_lightissues,/Volumes/HHN_LBSBLab/HHN_GECKO_LBSBLab/HHN_GECKO_LBSBLab_videos/20251110_videos_LDF_Caveman-Tricks-Steps_lightissues/20251110_other/20251110_other_tricks/20251110_NollieFrontside180Shuvit/VID_20251110_104723366.mp4
VID_20251110_104742382,NollieFrontside180Shuvit,NollieFrontside180Shuvit,20251110_videos_LDF_Caveman-Tricks-Steps_lightissues,/Volumes/HHN_LBSBLab/HHN_GECKO_LBSBLab/HHN_GECKO_LBSBLab_videos/20251110_videos_LDF_Caveman-Tricks-Steps_lightissues/20251110_other/20251110_other_tricks/20251110_NollieFrontside180Shuvit/VID_20251110_104742382.mp4
VID_20251110_104803064,NollieFrontside180Shuvit,NollieFrontside180Shuvit,20251110_videos_LDF_Caveman-Tricks-Steps_lightissues,/Volumes/HHN_LBSBLab/HHN_GECKO_LBSBLab/HHN_GECKO_LBSBLab_videos/20251110_videos_LDF_Caveman-Tricks-Steps_lightissues/20251110_other/20251110_other_tricks/20251110_NollieFrontside180Shuvit/VID_20251110_104803064.mp4
VID_20251110_104824946,NollieFrontside180Shuvit,NollieFrontside180Shuvit,20251110_videos_LDF_Caveman-Tricks-Steps_lightissues,/Volumes/HHN_LBSBLab/HHN_GECKO_LBSBLab/HHN_GECKO_LBSBLab_videos/20251110_videos_LDF_Caveman-Tricks-Steps_lightissues/20251110_other/20251110_other_tricks/20251110_NollieFrontside180Shuvit/VID_20251110_104824946.mp4
VID_20251110_104844646,NollieFrontside180Shuvit,NollieFrontside180Shuvit,20251110_videos_LDF_Caveman-Tricks-Steps_lightissues,/Volumes/HHN_LBSBLab/HHN_GECKO_LBSBLab/HHN_GECKO_LBSBLab_videos/20251110_videos_LDF_Caveman-Tricks-Steps_lightissues/20251110_other/20251110_other_tricks/20251110_NollieFrontside180Shuvit/VID_20251110_104844646.mp4
VID_20251110_104904165,NollieFrontside180Shuvit,NollieFrontside180Shuvit,20251110_videos_LDF_Caveman-Tricks-Steps_lightissues,/Volumes/HHN_LBSBLab/HHN_GECKO_LBSBLab/HHN_GECKO_LBSBLab_videos/20251110_videos_LDF_Caveman-Tricks-Steps_lightissues/20251110_other/20251110_other_tricks/20251110_NollieFrontside180Shuvit/VID_20251110_104904165.mp4
VID_20251110_104924559,NollieFrontside180Shuvit,NollieFrontside180Shuvit,20251110_videos_LDF_Caveman-Tricks-Steps_lightissues,/Volumes/HHN_LBSBLab/HHN_GECKO_LBSBLab/HHN_GECKO_LBSBLab_videos/20251110_videos_LDF_Caveman-Tricks-Steps_lightissues/20251110_other/20251110_other_tricks/20251110_NollieFrontside180Shuvit/VID_20251110_104924559.mp4
VID_20251110_104944457,NollieFrontside180Shuvit,NollieFrontside180Shuvit,20251110_videos_LDF_Caveman-Tricks-Steps_lightissues,/Volumes/HHN_LBSBLab/HHN_GECKO_LBSBLab/HHN_GECKO_LBSBLab_videos/20251110_videos_LDF_Caveman-Tricks-Steps_lightissues/20251110_other/20251110_other_tricks/20251110_NollieFrontside180Shuvit/VID_20251110_104944457.mp4
VID_20251110_105004712,NollieFrontside180Shuvit,NollieFrontside180Shuvit,20251110_videos_LDF_Caveman-Tricks-Steps_lightissues,/Volumes/HHN_LBSBLab/HHN_GECKO_LBSBLab/HHN_GECKO_LBSBLab_videos/20251110_videos_LDF_Caveman-Tricks-Steps_lightissues/20251110_other/20251110_other_tricks/20251110_NollieFrontside180Shuvit/VID_20251110_105004712.mp4
._VID_20251110_121716706,NollieNoseManual,NollieNoseManual,20251110_videos_LDF_Caveman-Tricks-Steps_lightissues,/Volumes/HHN_LBSBLab/HHN_GECKO_LBSBLab/HHN_GECKO_LBSBLab_videos/20251110_videos_LDF_Caveman-Tricks-Steps_lightissues/20251110_other/20251110_other_tricks/20251110_NollieNoseManual/._VID_20251110_121716706.mp4
VID_20251110_121657480,NollieNoseManual,NollieNoseManual,20251110_videos_LDF_Caveman-Tricks-Steps_lightissues,/Volumes/HHN_LBSBLab/HHN_GECKO_LBSBLab/HHN_GECKO_LBSBLab_videos/20251110_videos_LDF_Caveman-Tricks-Steps_lightissues/20251110_other/20251110_other_tricks/20251110_NollieNoseManual/VID_20251110_121657480.mp4
VID_20251110_121716706,NollieNoseManual,NollieNoseManual,20251110_videos_LDF_Caveman-Tricks-Steps_lightissues,/Volumes/HHN_LBSBLab/HHN_GECKO_LBSBLab/HHN_GECKO_LBSBLab_videos/20251110_videos_LDF_Caveman-Tricks-Steps_lightissues/20251110_other/20251110_other_tricks/20251110_NollieNoseManual/VID_20251110_121716706.mp4
VID_20251110_121735949,NollieNoseManual,NollieNoseManual,20251110_videos_LDF_Caveman-Tricks-Steps_lightissues,/Volumes/HHN_LBSBLab/HHN_GECKO_LBSBLab/HHN_GECKO_LBSBLab_videos/20251110_videos_LDF_Caveman-Tricks-Steps_lightissues/20251110_other/20251110_other_tricks/20251110_NollieNoseManual/VID_20251110_121735949.mp4
VID_20251110_121754288,NollieNoseManual,NollieNoseManual,20251110_videos_LDF_Caveman-Tricks-Steps_lightissues,/Volumes/HHN_LBSBLab/HHN_GECKO_LBSBLab/HHN_GECKO_LBSBLab_videos/20251110_videos_LDF_Caveman-Tricks-Steps_lightissues/20251110_other/20251110_other_tricks/20251110_NollieNoseManual/VID_20251110_121754288.mp4
VID_20251110_121812724,NollieNoseManual,NollieNoseManual,20251110_videos_LDF_Caveman-Tricks-Steps_lightissues,/Volumes/HHN_LBSBLab/HHN_GECKO_LBSBLab/HHN_GECKO_LBSBLab_videos/20251110_videos_LDF_Caveman-Tricks-Steps_lightissues/20251110_other/20251110_other_tricks/20251110_NollieNoseManual/VID_20251110_121812724.mp4
VID_20251110_121838896,NollieNoseManual,NollieNoseManual,20251110_videos_LDF_Caveman-Tricks-Steps_lightissues,/Volumes/HHN_LBSBLab/HHN_GECKO_LBSBLab/HHN_GECKO_LBSBLab_videos/20251110_videos_LDF_Caveman-Tricks-Steps_lightissues/20251110_other/20251110_other_tricks/20251110_NollieNoseManual/VID_20251110_121838896.mp4
VID_20251110_121857782,NollieNoseManual,NollieNoseManual,20251110_videos_LDF_Caveman-Tricks-Steps_lightissues,/Volumes/HHN_LBSBLab/HHN_GECKO_LBSBLab/HHN_GECKO_LBSBLab_videos/20251110_videos_LDF_Caveman-Tricks-Steps_lightissues/20251110_other/20251110_other_tricks/20251110_NollieNoseManual/VID_20251110_121857782.mp4
VID_20251110_121916092,NollieNoseManual,NollieNoseManual,20251110_videos_LDF_Caveman-Tricks-Steps_lightissues,/Volumes/HHN_LBSBLab/HHN_GECKO_LBSBLab/HHN_GECKO_LBSBLab_videos/20251110_videos_LDF_Caveman-Tricks-Steps_lightissues/20251110_other/20251110_other_tricks/20251110_NollieNoseManual/VID_20251110_121916092.mp4
VID_20251110_121934338,NollieNoseManual,NollieNoseManual,20251110_videos_LDF_Caveman-Tricks-Steps_lightissues,/Volumes/HHN_LBSBLab/HHN_GECKO_LBSBLab/HHN_GECKO_LBSBLab_videos/20251110_videos_LDF_Caveman-Tricks-Steps_lightissues/20251110_other/20251110_other_tricks/20251110_NollieNoseManual/VID_20251110_121934338.mp4
VID_20251110_121953286,NollieNoseManual,NollieNoseManual,20251110_videos_LDF_Caveman-Tricks-Steps_lightissues,/Volumes/HHN_LBSBLab/HHN_GECKO_LBSBLab/HHN_GECKO_LBSBLab_videos/20251110_videos_LDF_Caveman-Tricks-Steps_lightissues/20251110_other/20251110_other_tricks/20251110_NollieNoseManual/VID_20251110_121953286.mp4
VID_20251110_122013029,NollieNoseManual,NollieNoseManual,20251110_videos_LDF_Caveman-Tricks-Steps_lightissues,/Volumes/HHN_LBSBLab/HHN_GECKO_LBSBLab/HHN_GECKO_LBSBLab_videos/20251110_videos_LDF_Caveman-Tricks-Steps_lightissues/20251110_other/20251110_other_tricks/20251110_NollieNoseManual/VID_20251110_122013029.mp4
VID_20251110_122031745,NollieNoseManual,NollieNoseManual,20251110_videos_LDF_Caveman-Tricks-Steps_lightissues,/Volumes/HHN_LBSBLab/HHN_GECKO_LBSBLab/HHN_GECKO_LBSBLab_videos/20251110_videos_LDF_Caveman-Tricks-Steps_lightissues/20251110_other/20251110_other_tricks/20251110_NollieNoseManual/VID_20251110_122031745.mp4
VID_20251110_122050922,NollieNoseManual,NollieNoseManual,20251110_videos_LDF_Caveman-Tricks-Steps_lightissues,/Volumes/HHN_LBSBLab/HHN_GECKO_LBSBLab/HHN_GECKO_LBSBLab_videos/20251110_videos_LDF_Caveman-Tricks-Steps_lightissues/20251110_other/20251110_other_tricks/20251110_NollieNoseManual/VID_20251110_122050922.mp4
VID_20251110_122109159,NollieNoseManual,NollieNoseManual,20251110_videos_LDF_Caveman-Tricks-Steps_lightissues,/Volumes/HHN_LBSBLab/HHN_GECKO_LBSBLab/HHN_GECKO_LBSBLab_videos/20251110_videos_LDF_Caveman-Tricks-Steps_lightissues/20251110_other/20251110_other_tricks/20251110_NollieNoseManual/VID_20251110_122109159.mp4
VID_20251110_122129900,NollieNoseManual,NollieNoseManual,20251110_videos_LDF_Caveman-Tricks-Steps_lightissues,/Volumes/HHN_LBSBLab/HHN_GECKO_LBSBLab/HHN_GECKO_LBSBLab_videos/20251110_videos_LDF_Caveman-Tricks-Steps_lightissues/20251110_other/20251110_other_tricks/20251110_NollieNoseManual/VID_20251110_122129900.mp4
VID_20251110_122147766,NollieNoseManual,NollieNoseManual,20251110_videos_LDF_Caveman-Tricks-Steps_lightissues,/Volumes/HHN_LBSBLab/HHN_GECKO_LBSBLab/HHN_GECKO_LBSBLab_videos/20251110_videos_LDF_Caveman-Tricks-Steps_lightissues/20251110_other/20251110_other_tricks/20251110_NollieNoseManual/VID_20251110_122147766.mp4
VID_20251110_122206932,NollieNoseManual,NollieNoseManual,20251110_videos_LDF_Caveman-Tricks-Steps_lightissues,/Volumes/HHN_LBSBLab/HHN_GECKO_LBSBLab/HHN_GECKO_LBSBLab_videos/20251110_videos_LDF_Caveman-Tricks-Steps_lightissues/20251110_other/20251110_other_tricks/20251110_NollieNoseManual/VID_20251110_122206932.mp4
VID_20251110_122225988,NollieNoseManual,NollieNoseManual,20251110_videos_LDF_Caveman-Tricks-Steps_lightissues,/Volumes/HHN_LBSBLab/HHN_GECKO_LBSBLab/HHN_GECKO_LBSBLab_videos/20251110_videos_LDF_Caveman-Tricks-Steps_lightissues/20251110_other/20251110_other_tricks/20251110_NollieNoseManual/VID_20251110_122225988.mp4
VID_20251110_122244233,NollieNoseManual,NollieNoseManual,20251110_videos_LDF_Caveman-Tricks-Steps_lightissues,/Volumes/HHN_LBSBLab/HHN_GECKO_LBSBLab/HHN_GECKO_LBSBLab_videos/20251110_videos_LDF_Caveman-Tricks-Steps_lightissues/20251110_other/20251110_other_tricks/20251110_NollieNoseManual/VID_20251110_122244233.mp4
VID_20251110_122413300,NollieNoseManual,NollieNoseManual,20251110_videos_LDF_Caveman-Tricks-Steps_lightissues,/Volumes/HHN_LBSBLab/HHN_GECKO_LBSBLab/HHN_GECKO_LBSBLab_videos/20251110_videos_LDF_Caveman-Tricks-Steps_lightissues/20251110_other/20251110_other_tricks/20251110_NollieNoseManual/VID_20251110_122413300.mp4
VID_20251110_122432840,NollieNoseManual,NollieNoseManual,20251110_videos_LDF_Caveman-Tricks-Steps_lightissues,/Volumes/HHN_LBSBLab/HHN_GECKO_LBSBLab/HHN_GECKO_LBSBLab_videos/20251110_videos_LDF_Caveman-Tricks-Steps_lightissues/20251110_other/20251110_other_tricks/20251110_NollieNoseManual/VID_20251110_122432840.mp4
VID_20251110_122451873,NollieNoseManual,NollieNoseManual,20251110_videos_LDF_Caveman-Tricks-Steps_lightissues,/Volumes/HHN_LBSBLab/HHN_GECKO_LBSBLab/HHN_GECKO_LBSBLab_videos/20251110_videos_LDF_Caveman-Tricks-Steps_lightissues/20251110_other/20251110_other_tricks/20251110_NollieNoseManual/VID_20251110_122451873.mp4
VID_20251110_122511771,NollieNoseManual,NollieNoseManual,20251110_videos_LDF_Caveman-Tricks-Steps_lightissues,/Volumes/HHN_LBSBLab/HHN_GECKO_LBSBLab/HHN_GECKO_LBSBLab_videos/20251110_videos_LDF_Caveman-Tricks-Steps_lightissues/20251110_other/20251110_other_tricks/20251110_NollieNoseManual/VID_20251110_122511771.mp4
VID_20251110_122531742,NollieNoseManual,NollieNoseManual,20251110_videos_LDF_Caveman-Tricks-Steps_lightissues,/Volumes/HHN_LBSBLab/HHN_GECKO_LBSBLab/HHN_GECKO_LBSBLab_videos/20251110_videos_LDF_Caveman-Tricks-Steps_lightissues/20251110_other/20251110_other_tricks/20251110_NollieNoseManual/VID_20251110_122531742.mp4
VID_20251110_122550851,NollieNoseManual,NollieNoseManual,20251110_videos_LDF_Caveman-Tricks-Steps_lightissues,/Volumes/HHN_LBSBLab/HHN_GECKO_LBSBLab/HHN_GECKO_LBSBLab_videos/20251110_videos_LDF_Caveman-Tricks-Steps_lightissues/20251110_other/20251110_other_tricks/20251110_NollieNoseManual/VID_20251110_122550851.mp4
VID_20251110_122611174,NollieNoseManual,NollieNoseManual,20251110_videos_LDF_Caveman-Tricks-Steps_lightissues,/Volumes/HHN_LBSBLab/HHN_GECKO_LBSBLab/HHN_GECKO_LBSBLab_videos/20251110_videos_LDF_Caveman-Tricks-Steps_lightissues/20251110_other/20251110_other_tricks/20251110_NollieNoseManual/VID_20251110_122611174.mp4
VID_20251110_122630521,NollieNoseManual,NollieNoseManual,20251110_videos_LDF_Caveman-Tricks-Steps_lightissues,/Volumes/HHN_LBSBLab/HHN_GECKO_LBSBLab/HHN_GECKO_LBSBLab_videos/20251110_videos_LDF_Caveman-Tricks-Steps_lightissues/20251110_other/20251110_other_tricks/20251110_NollieNoseManual/VID_20251110_122630521.mp4
VID_20251110_122649936,NollieNoseManual,NollieNoseManual,20251110_videos_LDF_Caveman-Tricks-Steps_lightissues,/Volumes/HHN_LBSBLab/HHN_GECKO_LBSBLab/HHN_GECKO_LBSBLab_videos/20251110_videos_LDF_Caveman-Tricks-Steps_lightissues/20251110_other/20251110_other_tricks/20251110_NollieNoseManual/VID_20251110_122649936.mp4
VID_20251110_122711308,NollieNoseManual,NollieNoseManual,20251110_videos_LDF_Caveman-Tricks-Steps_lightissues,/Volumes/HHN_LBSBLab/HHN_GECKO_LBSBLab/HHN_GECKO_LBSBLab_videos/20251110_videos_LDF_Caveman-Tricks-Steps_lightissues/20251110_other/20251110_other_tricks/20251110_NollieNoseManual/VID_20251110_122711308.mp4
VID_20251110_122731521,NollieNoseManual,NollieNoseManual,20251110_videos_LDF_Caveman-Tricks-Steps_lightissues,/Volumes/HHN_LBSBLab/HHN_GECKO_LBSBLab/HHN_GECKO_LBSBLab_videos/20251110_videos_LDF_Caveman-Tricks-Steps_lightissues/20251110_other/20251110_other_tricks/20251110_NollieNoseManual/VID_20251110_122731521.mp4
VID_20251208_122511647_Caveman_111,Caveman_diagonal,Caveman_diagonal,20251208_videos_LDF_Caveman-Basics-Tricks_wetfloor,/Volumes/HHN_LBSBLab/HHN_GECKO_LBSBLab/HHN_GECKO_LBSBLab_videos/20251208_videos_LDF_Caveman-Basics-Tricks_wetfloor/20251208_Caveman_diagonal/VID_20251208_122511647_Caveman_111.mp4
VID_20251208_122550853,Caveman_diagonal,Caveman_diagonal,20251208_videos_LDF_Caveman-Basics-Tricks_wetfloor,/Volumes/HHN_LBSBLab/HHN_GECKO_LBSBLab/HHN_GECKO_LBSBLab_videos/20251208_videos_LDF_Caveman-Basics-Tricks_wetfloor/20251208_Caveman_diagonal/VID_20251208_122550853.mp4
VID_20251208_122638519,Caveman_diagonal,Caveman_diagonal,20251208_videos_LDF_Caveman-Basics-Tricks_wetfloor,/Volumes/HHN_LBSBLab/HHN_GECKO_LBSBLab/HHN_GECKO_LBSBLab_videos/20251208_videos_LDF_Caveman-Basics-Tricks_wetfloor/20251208_Caveman_diagonal/VID_20251208_122638519.mp4
VID_20251208_122653220,Caveman_diagonal,Caveman_diagonal,20251208_videos_LDF_Caveman-Basics-Tricks_wetfloor,/Volumes/HHN_LBSBLab/HHN_GECKO_LBSBLab/HHN_GECKO_LBSBLab_videos/20251208_videos_LDF_Caveman-Basics-Tricks_wetfloor/20251208_Caveman_diagonal/VID_20251208_122653220.mp4
VID_20251208_122706329,Caveman_diagonal,Caveman_diagonal,20251208_videos_LDF_Caveman-Basics-Tricks_wetfloor,/Volumes/HHN_LBSBLab/HHN_GECKO_LBSBLab/HHN_GECKO_LBSBLab_videos/20251208_videos_LDF_Caveman-Basics-Tricks_wetfloor/20251208_Caveman_diagonal/VID_20251208_122706329.mp4
VID_20251208_122719487,Caveman_diagonal,Caveman_diagonal,20251208_videos_LDF_Caveman-Basics-Tricks_wetfloor,/Volumes/HHN_LBSBLab/HHN_GECKO_LBSBLab/HHN_GECKO_LBSBLab_videos/20251208_videos_LDF_Caveman-Basics-Tricks_wetfloor/20251208_Caveman_diagonal/VID_20251208_122719487.mp4
VID_20251208_122732722,Caveman_diagonal,Caveman_diagonal,20251208_videos_LDF_Caveman-Basics-Tricks_wetfloor,/Volumes/HHN_LBSBLab/HHN_GECKO_LBSBLab/HHN_GECKO_LBSBLab_videos/20251208_videos_LDF_Caveman-Basics-Tricks_wetfloor/20251208_Caveman_diagonal/VID_20251208_122732722.mp4
VID_20251208_122746812,Caveman_diagonal,Caveman_diagonal,20251208_videos_LDF_Caveman-Basics-Tricks_wetfloor,/Volumes/HHN_LBSBLab/HHN_GECKO_LBSBLab/HHN_GECKO_LBSBLab_videos/20251208_videos_LDF_Caveman-Basics-Tricks_wetfloor/20251208_Caveman_diagonal/VID_20251208_122746812.mp4
VID_20251208_122759237,Caveman_diagonal,Caveman_diagonal,20251208_videos_LDF_Caveman-Basics-Tricks_wetfloor,/Volumes/HHN_LBSBLab/HHN_GECKO_LBSBLab/HHN_GECKO_LBSBLab_videos/20251208_videos_LDF_Caveman-Basics-Tricks_wetfloor/20251208_Caveman_diagonal/VID_20251208_122759237.mp4
VID_20251208_122812628,Caveman_diagonal,Caveman_diagonal,20251208_videos_LDF_Caveman-Basics-Tricks_wetfloor,/Volumes/HHN_LBSBLab/HHN_GECKO_LBSBLab/HHN_GECKO_LBSBLab_videos/20251208_videos_LDF_Caveman-Basics-Tricks_wetfloor/20251208_Caveman_diagonal/VID_20251208_122812628.mp4
VID_20251208_122824914,Caveman_diagonal,Caveman_diagonal,20251208_videos_LDF_Caveman-Basics-Tricks_wetfloor,/Volumes/HHN_LBSBLab/HHN_GECKO_LBSBLab/HHN_GECKO_LBSBLab_videos/20251208_videos_LDF_Caveman-Basics-Tricks_wetfloor/20251208_Caveman_diagonal/VID_20251208_122824914.mp4
VID_20251208_122837938,Caveman_diagonal,Caveman_diagonal,20251208_videos_LDF_Caveman-Basics-Tricks_wetfloor,/Volumes/HHN_LBSBLab/HHN_GECKO_LBSBLab/HHN_GECKO_LBSBLab_videos/20251208_videos_LDF_Caveman-Basics-Tricks_wetfloor/20251208_Caveman_diagonal/VID_20251208_122837938.mp4
VID_20251208_122851177,Caveman_diagonal,Caveman_diagonal,20251208_videos_LDF_Caveman-Basics-Tricks_wetfloor,/Volumes/HHN_LBSBLab/HHN_GECKO_LBSBLab/HHN_GECKO_LBSBLab_videos/20251208_videos_LDF_Caveman-Basics-Tricks_wetfloor/20251208_Caveman_diagonal/VID_20251208_122851177.mp4
VID_20251208_122903521,Caveman_diagonal,Caveman_diagonal,20251208_videos_LDF_Caveman-Basics-Tricks_wetfloor,/Volumes/HHN_LBSBLab/HHN_GECKO_LBSBLab/HHN_GECKO_LBSBLab_videos/20251208_videos_LDF_Caveman-Basics-Tricks_wetfloor/20251208_Caveman_diagonal/VID_20251208_122903521.mp4
VID_20251208_122916265,Caveman_diagonal,Caveman_diagonal,20251208_videos_LDF_Caveman-Basics-Tricks_wetfloor,/Volumes/HHN_LBSBLab/HHN_GECKO_LBSBLab/HHN_GECKO_LBSBLab_videos/20251208_videos_LDF_Caveman-Basics-Tricks_wetfloor/20251208_Caveman_diagonal/VID_20251208_122916265.mp4
VID_20251208_122930102,Caveman_diagonal,Caveman_diagonal,20251208_videos_LDF_Caveman-Basics-Tricks_wetfloor,/Volumes/HHN_LBSBLab/HHN_GECKO_LBSBLab/HHN_GECKO_LBSBLab_videos/20251208_videos_LDF_Caveman-Basics-Tricks_wetfloor/20251208_Caveman_diagonal/VID_20251208_122930102.mp4
VID_20251208_123027285,Caveman_diagonal,Caveman_diagonal,20251208_videos_LDF_Caveman-Basics-Tricks_wetfloor,/Volumes/HHN_LBSBLab/HHN_GECKO_LBSBLab/HHN_GECKO_LBSBLab_videos/20251208_videos_LDF_Caveman-Basics-Tricks_wetfloor/20251208_Caveman_diagonal/VID_20251208_123027285.mp4
VID_20251208_123039157,Caveman_diagonal,Caveman_diagonal,20251208_videos_LDF_Caveman-Basics-Tricks_wetfloor,/Volumes/HHN_LBSBLab/HHN_GECKO_LBSBLab/HHN_GECKO_LBSBLab_videos/20251208_videos_LDF_Caveman-Basics-Tricks_wetfloor/20251208_Caveman_diagonal/VID_20251208_123039157.mp4
VID_20251208_123051073,Caveman_diagonal,Caveman_diagonal,20251208_videos_LDF_Caveman-Basics-Tricks_wetfloor,/Volumes/HHN_LBSBLab/HHN_GECKO_LBSBLab/HHN_GECKO_LBSBLab_videos/20251208_videos_LDF_Caveman-Basics-Tricks_wetfloor/20251208_Caveman_diagonal/VID_20251208_123051073.mp4
VID_20251208_123102883,Caveman_diagonal,Caveman_diagonal,20251208_videos_LDF_Caveman-Basics-Tricks_wetfloor,/Volumes/HHN_LBSBLab/HHN_GECKO_LBSBLab/HHN_GECKO_LBSBLab_videos/20251208_videos_LDF_Caveman-Basics-Tricks_wetfloor/20251208_Caveman_diagonal/VID_20251208_123102883.mp4
VID_20251208_123147733,Caveman_diagonal,Caveman_diagonal,20251208_videos_LDF_Caveman-Basics-Tricks_wetfloor,/Volumes/HHN_LBSBLab/HHN_GECKO_LBSBLab/HHN_GECKO_LBSBLab_videos/20251208_videos_LDF_Caveman-Basics-Tricks_wetfloor/20251208_Caveman_diagonal/VID_20251208_123147733.mp4
VID_20251208_123202260,Caveman_diagonal,Caveman_diagonal,20251208_videos_LDF_Caveman-Basics-Tricks_wetfloor,/Volumes/HHN_LBSBLab/HHN_GECKO_LBSBLab/HHN_GECKO_LBSBLab_videos/20251208_videos_LDF_Caveman-Basics-Tricks_wetfloor/20251208_Caveman_diagonal/VID_20251208_123202260.mp4
VID_20251208_123216453,Caveman_diagonal,Caveman_diagonal,20251208_videos_LDF_Caveman-Basics-Tricks_wetfloor,/Volumes/HHN_LBSBLab/HHN_GECKO_LBSBLab/HHN_GECKO_LBSBLab_videos/20251208_videos_LDF_Caveman-Basics-Tricks_wetfloor/20251208_Caveman_diagonal/VID_20251208_123216453.mp4
VID_20251208_123229312,Caveman_diagonal,Caveman_diagonal,20251208_videos_LDF_Caveman-Basics-Tricks_wetfloor,/Volumes/HHN_LBSBLab/HHN_GECKO_LBSBLab/HHN_GECKO_LBSBLab_videos/20251208_videos_LDF_Caveman-Basics-Tricks_wetfloor/20251208_Caveman_diagonal/VID_20251208_123229312.mp4
VID_20251208_123241560,Caveman_diagonal,Caveman_diagonal,20251208_videos_LDF_Caveman-Basics-Tricks_wetfloor,/Volumes/HHN_LBSBLab/HHN_GECKO_LBSBLab/HHN_GECKO_LBSBLab_videos/20251208_videos_LDF_Caveman-Basics-Tricks_wetfloor/20251208_Caveman_diagonal/VID_20251208_123241560.mp4
VID_20251208_123253298,Caveman_diagonal,Caveman_diagonal,20251208_videos_LDF_Caveman-Basics-Tricks_wetfloor,/Volumes/HHN_LBSBLab/HHN_GECKO_LBSBLab/HHN_GECKO_LBSBLab_videos/20251208_videos_LDF_Caveman-Basics-Tricks_wetfloor/20251208_Caveman_diagonal/VID_20251208_123253298.mp4
VID_20251208_123306838,Caveman_diagonal,Caveman_diagonal,20251208_videos_LDF_Caveman-Basics-Tricks_wetfloor,/Volumes/HHN_LBSBLab/HHN_GECKO_LBSBLab/HHN_GECKO_LBSBLab_videos/20251208_videos_LDF_Caveman-Basics-Tricks_wetfloor/20251208_Caveman_diagonal/VID_20251208_123306838.mp4
VID_20251208_123318592,Caveman_diagonal,Caveman_diagonal,20251208_videos_LDF_Caveman-Basics-Tricks_wetfloor,/Volumes/HHN_LBSBLab/HHN_GECKO_LBSBLab/HHN_GECKO_LBSBLab_videos/20251208_videos_LDF_Caveman-Basics-Tricks_wetfloor/20251208_Caveman_diagonal/VID_20251208_123318592.mp4
VID_20251208_123332307,Caveman_diagonal,Caveman_diagonal,20251208_videos_LDF_Caveman-Basics-Tricks_wetfloor,/Volumes/HHN_LBSBLab/HHN_GECKO_LBSBLab/HHN_GECKO_LBSBLab_videos/20251208_videos_LDF_Caveman-Basics-Tricks_wetfloor/20251208_Caveman_diagonal/VID_20251208_123332307.mp4
VID_20251208_123345333,Caveman_diagonal,Caveman_diagonal,20251208_videos_LDF_Caveman-Basics-Tricks_wetfloor,/Volumes/HHN_LBSBLab/HHN_GECKO_LBSBLab/HHN_GECKO_LBSBLab_videos/20251208_videos_LDF_Caveman-Basics-Tricks_wetfloor/20251208_Caveman_diagonal/VID_20251208_123345333.mp4
VID_20251208_123359827,Caveman_diagonal,Caveman_diagonal,20251208_videos_LDF_Caveman-Basics-Tricks_wetfloor,/Volumes/HHN_LBSBLab/HHN_GECKO_LBSBLab/HHN_GECKO_LBSBLab_videos/20251208_videos_LDF_Caveman-Basics-Tricks_wetfloor/20251208_Caveman_diagonal/VID_20251208_123359827.mp4
VID_20251208_123413035,Caveman_diagonal,Caveman_diagonal,20251208_videos_LDF_Caveman-Basics-Tricks_wetfloor,/Volumes/HHN_LBSBLab/HHN_GECKO_LBSBLab/HHN_GECKO_LBSBLab_videos/20251208_videos_LDF_Caveman-Basics-Tricks_wetfloor/20251208_Caveman_diagonal/VID_20251208_123413035.mp4
VID_20251208_123425911,Caveman_diagonal,Caveman_diagonal,20251208_videos_LDF_Caveman-Basics-Tricks_wetfloor,/Volumes/HHN_LBSBLab/HHN_GECKO_LBSBLab/HHN_GECKO_LBSBLab_videos/20251208_videos_LDF_Caveman-Basics-Tricks_wetfloor/20251208_Caveman_diagonal/VID_20251208_123425911.mp4
VID_20251208_123438678,Caveman_diagonal,Caveman_diagonal,20251208_videos_LDF_Caveman-Basics-Tricks_wetfloor,/Volumes/HHN_LBSBLab/HHN_GECKO_LBSBLab/HHN_GECKO_LBSBLab_videos/20251208_videos_LDF_Caveman-Basics-Tricks_wetfloor/20251208_Caveman_diagonal/VID_20251208_123438678.mp4
VID_20251208_123451144,Caveman_diagonal,Caveman_diagonal,20251208_videos_LDF_Caveman-Basics-Tricks_wetfloor,/Volumes/HHN_LBSBLab/HHN_GECKO_LBSBLab/HHN_GECKO_LBSBLab_videos/20251208_videos_LDF_Caveman-Basics-Tricks_wetfloor/20251208_Caveman_diagonal/VID_20251208_123451144.mp4
VID_20251208_123504182,Caveman_diagonal,Caveman_diagonal,20251208_videos_LDF_Caveman-Basics-Tricks_wetfloor,/Volumes/HHN_LBSBLab/HHN_GECKO_LBSBLab/HHN_GECKO_LBSBLab_videos/20251208_videos_LDF_Caveman-Basics-Tricks_wetfloor/20251208_Caveman_diagonal/VID_20251208_123504182.mp4
VID_20251208_123518447,Caveman_diagonal,Caveman_diagonal,20251208_videos_LDF_Caveman-Basics-Tricks_wetfloor,/Volumes/HHN_LBSBLab/HHN_GECKO_LBSBLab/HHN_GECKO_LBSBLab_videos/20251208_videos_LDF_Caveman-Basics-Tricks_wetfloor/20251208_Caveman_diagonal/VID_20251208_123518447.mp4
VID_20251208_123531507,Caveman_diagonal,Caveman_diagonal,20251208_videos_LDF_Caveman-Basics-Tricks_wetfloor,/Volumes/HHN_LBSBLab/HHN_GECKO_LBSBLab/HHN_GECKO_LBSBLab_videos/20251208_videos_LDF_Caveman-Basics-Tricks_wetfloor/20251208_Caveman_diagonal/VID_20251208_123531507.mp4
VID_20251208_123544678,Caveman_diagonal,Caveman_diagonal,20251208_videos_LDF_Caveman-Basics-Tricks_wetfloor,/Volumes/HHN_LBSBLab/HHN_GECKO_LBSBLab/HHN_GECKO_LBSBLab_videos/20251208_videos_LDF_Caveman-Basics-Tricks_wetfloor/20251208_Caveman_diagonal/VID_20251208_123544678.mp4
VID_20251208_123558514_Caveman_140,Caveman_diagonal,Caveman_diagonal,20251208_videos_LDF_Caveman-Basics-Tricks_wetfloor,/Volumes/HHN_LBSBLab/HHN_GECKO_LBSBLab/HHN_GECKO_LBSBLab_videos/20251208_videos_LDF_Caveman-Basics-Tricks_wetfloor/20251208_Caveman_diagonal/VID_20251208_123558514_Caveman_140.mp4
VID_20251208_110405065_PushingV2_009_L,Rollen,PushingV2,20251208_videos_LDF_Caveman-Basics-Tricks_wetfloor,/Volumes/HHN_LBSBLab/HHN_GECKO_LBSBLab/HHN_GECKO_LBSBLab_videos/20251208_videos_LDF_Caveman-Basics-Tricks_wetfloor/20251208_other/20251208_other_basics/VID_20251208_110405065_PushingV2_009_L.mp4
VID_20260119_104329375_carving_004_L_slightlyblurry,Rollen,carving,20260119_videos_LDF_Basics-Tricks_noboarddrop,/Volumes/HHN_LBSBLab/HHN_GECKO_LBSBLab/HHN_GECKO_LBSBLab_videos/20260119_videos_LDF_Basics-Tricks_noboarddrop/20260119_other/20260119_other_basics/VID_20260119_104329375_carving_004_L_slightlyblurry.mp4
20260316_110126_PushingV1_5_R,Rollen,PushingV1,20260316_videos_LDF_Basics_Wendelin_Reha,/Volumes/HHN_LBSBLab/HHN_GECKO_LBSBLab/HHN_GECKO_LBSBLab_videos/20260316_videos_LDF_Basics_Wendelin_Reha/20260316_110126_PushingV1_5_R.mp4
20260420_115120_r1828_mb3_l_successful_PushingV1_004,Rollen,PushingV1,20260420_videos_LDF_Basics-Tricks,/Volumes/HHN_LBSBLab/HHN_GECKO_LBSBLab/HHN_GECKO_LBSBLab_videos/20260420_videos_LDF_Basics-Tricks/20260420_115120_r1828_mb3_l_successful_PushingV1_004.mp4
20260615_102034_r2305_mb3_r_successful_pushingV1_005,Rollen,pushingV1,20260615_videos_LDF_basics,/Volumes/HHN_LBSBLab/HHN_GECKO_LBSBLab/HHN_GECKO_LBSBLab_videos/20260615_videos_LDF_basics/20260615_102034_r2305_mb3_r_successful_pushingV1_005.mp4
VID_20251208_114629176_Carving_009_L,Rollen,Carving,20251208_videos_LDF_Caveman-Basics-Tricks_wetfloor,/Volumes/HHN_LBSBLab/HHN_GECKO_LBSBLab/HHN_GECKO_LBSBLab_videos/20251208_videos_LDF_Caveman-Basics-Tricks_wetfloor/20251208_other/20251208_other_basics/VID_20251208_114629176_Carving_009_L.mp4
VID_20260119_104219804_carving_001_R_goodresolution,Rollen,carving,20260119_videos_LDF_Basics-Tricks_noboarddrop,/Volumes/HHN_LBSBLab/HHN_GECKO_LBSBLab/HHN_GECKO_LBSBLab_videos/20260119_videos_LDF_Basics-Tricks_noboarddrop/20260119_other/20260119_other_basics/VID_20260119_104219804_carving_001_R_goodresolution.mp4
20260316_105923_PushingV1_2_L,Rollen,PushingV1,20260316_videos_LDF_Basics_Wendelin_Reha,/Volumes/HHN_LBSBLab/HHN_GECKO_LBSBLab/HHN_GECKO_LBSBLab_videos/20260316_videos_LDF_Basics_Wendelin_Reha/20260316_105923_PushingV1_2_L.mp4
20260420_121803_r1878_mb8_l_successful_Carving_004,Rollen,Carving,20260420_videos_LDF_Basics-Tricks,/Volumes/HHN_LBSBLab/HHN_GECKO_LBSBLab/HHN_GECKO_LBSBLab_videos/20260420_videos_LDF_Basics-Tricks/20260420_121803_r1878_mb8_l_successful_Carving_004.mp4
20260615_102755_r2323_mb4_r_successful_pushingV2_003,Rollen,pushingV2,20260615_videos_LDF_basics,/Volumes/HHN_LBSBLab/HHN_GECKO_LBSBLab/HHN_GECKO_LBSBLab_videos/20260615_videos_LDF_basics/20260615_102755_r2323_mb4_r_successful_pushingV2_003.mp4
VID_20251208_114332973_Carving_004_R_blurred,Rollen,Carving,20251208_videos_LDF_Caveman-Basics-Tricks_wetfloor,/Volumes/HHN_LBSBLab/HHN_GECKO_LBSBLab/HHN_GECKO_LBSBLab_videos/20251208_videos_LDF_Caveman-Basics-Tricks_wetfloor/20251208_other/20251208_other_basics/VID_20251208_114332973_Carving_004_R_blurred.mp4
VID_20260119_101210471_pushingV2_001_R_slightlyblurry,Rollen,pushingV2,20260119_videos_LDF_Basics-Tricks_noboarddrop,/Volumes/HHN_LBSBLab/HHN_GECKO_LBSBLab/HHN_GECKO_LBSBLab_videos/20260119_videos_LDF_Basics-Tricks_noboarddrop/20260119_other/20260119_other_basics/VID_20260119_101210471_pushingV2_001_R_slightlyblurry.mp4
20260316_110154_PushingV1_6_L,Rollen,PushingV1,20260316_videos_LDF_Basics_Wendelin_Reha,/Volumes/HHN_LBSBLab/HHN_GECKO_LBSBLab/HHN_GECKO_LBSBLab_videos/20260316_videos_LDF_Basics_Wendelin_Reha/20260316_110154_PushingV1_6_L.mp4
20260420_114959_r1825_mb3_r_successful_PushingV1_001,Rollen,PushingV1,20260420_videos_LDF_Basics-Tricks,/Volumes/HHN_LBSBLab/HHN_GECKO_LBSBLab/HHN_GECKO_LBSBLab_videos/20260420_videos_LDF_Basics-Tricks/20260420_114959_r1825_mb3_r_successful_PushingV1_001.mp4
20260615_101947_r2303_mb3_r_successful_pushingV1_003,Rollen,pushingV1,20260615_videos_LDF_basics,/Volumes/HHN_LBSBLab/HHN_GECKO_LBSBLab/HHN_GECKO_LBSBLab_videos/20260615_videos_LDF_basics/20260615_101947_r2303_mb3_r_successful_pushingV1_003.mp4
VID_20251208_105812251_PushingV1_003_L,Rollen,PushingV1,20251208_videos_LDF_Caveman-Basics-Tricks_wetfloor,/Volumes/HHN_LBSBLab/HHN_GECKO_LBSBLab/HHN_GECKO_LBSBLab_videos/20251208_videos_LDF_Caveman-Basics-Tricks_wetfloor/20251208_other/20251208_other_basics/VID_20251208_105812251_PushingV1_003_L.mp4
VID_20260119_101301472_pushingV2_003_R_slightlyblurry,Rollen,pushingV2,20260119_videos_LDF_Basics-Tricks_noboarddrop,/Volumes/HHN_LBSBLab/HHN_GECKO_LBSBLab/HHN_GECKO_LBSBLab_videos/20260119_videos_LDF_Basics-Tricks_noboarddrop/20260119_other/20260119_other_basics/VID_20260119_101301472_pushingV2_003_R_slightlyblurry.mp4
20260316_110534_Carving_1_R,Rollen,Carving,20260316_videos_LDF_Basics_Wendelin_Reha,/Volumes/HHN_LBSBLab/HHN_GECKO_LBSBLab/HHN_GECKO_LBSBLab_videos/20260316_videos_LDF_Basics_Wendelin_Reha/20260316_110534_Carving_1_R.mp4
20260420_121853_r1880_mb8_l_successful_Carving_006,Rollen,Carving,20260420_videos_LDF_Basics-Tricks,/Volumes/HHN_LBSBLab/HHN_GECKO_LBSBLab/HHN_GECKO_LBSBLab_videos/20260420_videos_LDF_Basics-Tricks/20260420_121853_r1880_mb8_l_successful_Carving_006.mp4
20260615_102413_r2315_mb3_r_successful_pushingV1_015,Rollen,pushingV1,20260615_videos_LDF_basics,/Volumes/HHN_LBSBLab/HHN_GECKO_LBSBLab/HHN_GECKO_LBSBLab_videos/20260615_videos_LDF_basics/20260615_102413_r2315_mb3_r_successful_pushingV1_015.mp4
VID_20251208_110219177_PushingV2_004_R_blurred,Rollen,PushingV2,20251208_videos_LDF_Caveman-Basics-Tricks_wetfloor,/Volumes/HHN_LBSBLab/HHN_GECKO_LBSBLab/HHN_GECKO_LBSBLab_videos/20251208_videos_LDF_Caveman-Basics-Tricks_wetfloor/20251208_other/20251208_other_basics/VID_20251208_110219177_PushingV2_004_R_blurred.mp4
VID_20260119_101540756_pushingV2_008_L_goodresolution,Rollen,pushingV2,20260119_videos_LDF_Basics-Tricks_noboarddrop,/Volumes/HHN_LBSBLab/HHN_GECKO_LBSBLab/HHN_GECKO_LBSBLab_videos/20260119_videos_LDF_Basics-Tricks_noboarddrop/20260119_other/20260119_other_basics/VID_20260119_101540756_pushingV2_008_L_goodresolution.mp4
20260316_110712_Carving_4_L,Rollen,Carving,20260316_videos_LDF_Basics_Wendelin_Reha,/Volumes/HHN_LBSBLab/HHN_GECKO_LBSBLab/HHN_GECKO_LBSBLab_videos/20260316_videos_LDF_Basics_Wendelin_Reha/20260316_110712_Carving_4_L.mp4
20260420_115056_r1827_mb3_r_successful_PushingV1_003,Rollen,PushingV1,20260420_videos_LDF_Basics-Tricks,/Volumes/HHN_LBSBLab/HHN_GECKO_LBSBLab/HHN_GECKO_LBSBLab_videos/20260420_videos_LDF_Basics-Tricks/20260420_115056_r1827_mb3_r_successful_PushingV1_003.mp4
20260615_101922_r2302_mb3_l_successful_pushingV1_002,Rollen,pushingV1,20260615_videos_LDF_basics,/Volumes/HHN_LBSBLab/HHN_GECKO_LBSBLab/HHN_GECKO_LBSBLab_videos/20260615_videos_LDF_basics/20260615_101922_r2302_mb3_l_successful_pushingV1_002.mp4
VID_20251208_110023779_PushingV1_009_L_blurred,Rollen,PushingV1,20251208_videos_LDF_Caveman-Basics-Tricks_wetfloor,/Volumes/HHN_LBSBLab/HHN_GECKO_LBSBLab/HHN_GECKO_LBSBLab_videos/20251208_videos_LDF_Caveman-Basics-Tricks_wetfloor/20251208_other/20251208_other_basics/VID_20251208_110023779_PushingV1_009_L_blurred.mp4
VID_20260119_101402047_pushingV2_005_R_slightlyblurry,Rollen,pushingV2,20260119_videos_LDF_Basics-Tricks_noboarddrop,/Volumes/HHN_LBSBLab/HHN_GECKO_LBSBLab/HHN_GECKO_LBSBLab_videos/20260119_videos_LDF_Basics-Tricks_noboarddrop/20260119_other/20260119_other_basics/VID_20260119_101402047_pushingV2_005_R_slightlyblurry.mp4
20260316_110607_Carving_2_L,Rollen,Carving,20260316_videos_LDF_Basics_Wendelin_Reha,/Volumes/HHN_LBSBLab/HHN_GECKO_LBSBLab/HHN_GECKO_LBSBLab_videos/20260316_videos_LDF_Basics_Wendelin_Reha/20260316_110607_Carving_2_L.mp4
20260420_115405_r1832_mb4_l_successful_PushingV2_004,Rollen,PushingV2,20260420_videos_LDF_Basics-Tricks,/Volumes/HHN_LBSBLab/HHN_GECKO_LBSBLab/HHN_GECKO_LBSBLab_videos/20260420_videos_LDF_Basics-Tricks/20260420_115405_r1832_mb4_l_successful_PushingV2_004.mp4
20260615_102309_r2312_mb3_l_successful_pushingV1_012,Rollen,pushingV1,20260615_videos_LDF_basics,/Volumes/HHN_LBSBLab/HHN_GECKO_LBSBLab/HHN_GECKO_LBSBLab_videos/20260615_videos_LDF_basics/20260615_102309_r2312_mb3_l_successful_pushingV1_012.mp4
VID_20251208_110320582_PushingV2_007_L_blurred,Rollen,PushingV2,20251208_videos_LDF_Caveman-Basics-Tricks_wetfloor,/Volumes/HHN_LBSBLab/HHN_GECKO_LBSBLab/HHN_GECKO_LBSBLab_videos/20251208_videos_LDF_Caveman-Basics-Tricks_wetfloor/20251208_other/20251208_other_basics/VID_20251208_110320582_PushingV2_007_L_blurred.mp4
VID_20260119_101332190_pushingV2_004_L_slightlyblurry,Rollen,pushingV2,20260119_videos_LDF_Basics-Tricks_noboarddrop,/Volumes/HHN_LBSBLab/HHN_GECKO_LBSBLab/HHN_GECKO_LBSBLab_videos/20260119_videos_LDF_Basics-Tricks_noboarddrop/20260119_other/20260119_other_basics/VID_20260119_101332190_pushingV2_004_L_slightlyblurry.mp4
20260316_110000_PushingV1_3_R,Rollen,PushingV1,20260316_videos_LDF_Basics_Wendelin_Reha,/Volumes/HHN_LBSBLab/HHN_GECKO_LBSBLab/HHN_GECKO_LBSBLab_videos/20260316_videos_LDF_Basics_Wendelin_Reha/20260316_110000_PushingV1_3_R.mp4
20260420_115339_r1831_mb4_r_successful_PushingV2_003,Rollen,PushingV2,20260420_videos_LDF_Basics-Tricks,/Volumes/HHN_LBSBLab/HHN_GECKO_LBSBLab/HHN_GECKO_LBSBLab_videos/20260420_videos_LDF_Basics-Tricks/20260420_115339_r1831_mb4_r_successful_PushingV2_003.mp4
20260615_102010_r2304_mb3_l_successful_pushingV1_004,Rollen,pushingV1,20260615_videos_LDF_basics,/Volumes/HHN_LBSBLab/HHN_GECKO_LBSBLab/HHN_GECKO_LBSBLab_videos/20260615_videos_LDF_basics/20260615_102010_r2304_mb3_l_successful_pushingV1_004.mp4
VID_20251208_110424047_PushingV2_010_R_blurred,Rollen,PushingV2,20251208_videos_LDF_Caveman-Basics-Tricks_wetfloor,/Volumes/HHN_LBSBLab/HHN_GECKO_LBSBLab/HHN_GECKO_LBSBLab_videos/20251208_videos_LDF_Caveman-Basics-Tricks_wetfloor/20251208_other/20251208_other_basics/VID_20251208_110424047_PushingV2_010_R_blurred.mp4
VID_20260119_104352704_carving_005_R_goodresolution,Rollen,carving,20260119_videos_LDF_Basics-Tricks_noboarddrop,/Volumes/HHN_LBSBLab/HHN_GECKO_LBSBLab/HHN_GECKO_LBSBLab_videos/20260119_videos_LDF_Basics-Tricks_noboarddrop/20260119_other/20260119_other_basics/VID_20260119_104352704_carving_005_R_goodresolution.mp4
20260316_110056_PushingV1_4_L,Rollen,PushingV1,20260316_videos_LDF_Basics_Wendelin_Reha,/Volumes/HHN_LBSBLab/HHN_GECKO_LBSBLab/HHN_GECKO_LBSBLab_videos/20260316_videos_LDF_Basics_Wendelin_Reha/20260316_110056_PushingV1_4_L.mp4
20260420_121829_r1879_mb8_r_successful_Carving_005,Rollen,Carving,20260420_videos_LDF_Basics-Tricks,/Volumes/HHN_LBSBLab/HHN_GECKO_LBSBLab/HHN_GECKO_LBSBLab_videos/20260420_videos_LDF_Basics-Tricks/20260420_121829_r1879_mb8_r_successful_Carving_005.mp4
20260615_103053_r2332_mb4_l_successful_pushingV2_012,Rollen,pushingV2,20260615_videos_LDF_basics,/Volumes/HHN_LBSBLab/HHN_GECKO_LBSBLab/HHN_GECKO_LBSBLab_videos/20260615_videos_LDF_basics/20260615_103053_r2332_mb4_l_successful_pushingV2_012.mp4
VID_20251208_114230630_Carving_001_L,Rollen,Carving,20251208_videos_LDF_Caveman-Basics-Tricks_wetfloor,/Volumes/HHN_LBSBLab/HHN_GECKO_LBSBLab/HHN_GECKO_LBSBLab_videos/20251208_videos_LDF_Caveman-Basics-Tricks_wetfloor/20251208_other/20251208_other_basics/VID_20251208_114230630_Carving_001_L.mp4
VID_20260119_104438637_carving_007_R_goodresolution,Rollen,carving,20260119_videos_LDF_Basics-Tricks_noboarddrop,/Volumes/HHN_LBSBLab/HHN_GECKO_LBSBLab/HHN_GECKO_LBSBLab_videos/20260119_videos_LDF_Basics-Tricks_noboarddrop/20260119_other/20260119_other_basics/VID_20260119_104438637_carving_007_R_goodresolution.mp4
20260316_110641_Carving_3_R,Rollen,Carving,20260316_videos_LDF_Basics_Wendelin_Reha,/Volumes/HHN_LBSBLab/HHN_GECKO_LBSBLab/HHN_GECKO_LBSBLab_videos/20260316_videos_LDF_Basics_Wendelin_Reha/20260316_110641_Carving_3_R.mp4
20260420_115220_r1830_mb4_l_successful_PushingV2_002,Rollen,PushingV2,20260420_videos_LDF_Basics-Tricks,/Volumes/HHN_LBSBLab/HHN_GECKO_LBSBLab/HHN_GECKO_LBSBLab_videos/20260420_videos_LDF_Basics-Tricks/20260420_115220_r1830_mb4_l_successful_PushingV2_002.mp4
20260615_103340_r2340_mb4_l_successful_pushingV2_020,Rollen,pushingV2,20260615_videos_LDF_basics,/Volumes/HHN_LBSBLab/HHN_GECKO_LBSBLab/HHN_GECKO_LBSBLab_videos/20260615_videos_LDF_basics/20260615_103340_r2340_mb4_l_successful_pushingV2_020.mp4
VID_20251208_114353512_Carving_005_L,Rollen,Carving,20251208_videos_LDF_Caveman-Basics-Tricks_wetfloor,/Volumes/HHN_LBSBLab/HHN_GECKO_LBSBLab/HHN_GECKO_LBSBLab_videos/20251208_videos_LDF_Caveman-Basics-Tricks_wetfloor/20251208_other/20251208_other_basics/VID_20251208_114353512_Carving_005_L.mp4
VID_20260119_104308264_carving_003_R_slightlyblurry,Rollen,carving,20260119_videos_LDF_Basics-Tricks_noboarddrop,/Volumes/HHN_LBSBLab/HHN_GECKO_LBSBLab/HHN_GECKO_LBSBLab_videos/20260119_videos_LDF_Basics-Tricks_noboarddrop/20260119_other/20260119_other_basics/VID_20260119_104308264_carving_003_R_slightlyblurry.mp4
20260316_105857_PushingV1_1_R,Rollen,PushingV1,20260316_videos_LDF_Basics_Wendelin_Reha,/Volumes/HHN_LBSBLab/HHN_GECKO_LBSBLab/HHN_GECKO_LBSBLab_videos/20260316_videos_LDF_Basics_Wendelin_Reha/20260316_105857_PushingV1_1_R.mp4
20260420_121709_r1876_mb8_l_successful_Carving_002,Rollen,Carving,20260420_videos_LDF_Basics-Tricks,/Volumes/HHN_LBSBLab/HHN_GECKO_LBSBLab/HHN_GECKO_LBSBLab_videos/20260420_videos_LDF_Basics-Tricks/20260420_121709_r1876_mb8_l_successful_Carving_002.mp4
20260615_102836_r2325_mb4_r_successful_pushingV2_005,Rollen,pushingV2,20260615_videos_LDF_basics,/Volumes/HHN_LBSBLab/HHN_GECKO_LBSBLab/HHN_GECKO_LBSBLab_videos/20260615_videos_LDF_basics/20260615_102836_r2325_mb4_r_successful_pushingV2_005.mp4
VID_20251208_105859104_PushingV1_005_L,Rollen,PushingV1,20251208_videos_LDF_Caveman-Basics-Tricks_wetfloor,/Volumes/HHN_LBSBLab/HHN_GECKO_LBSBLab/HHN_GECKO_LBSBLab_videos/20251208_videos_LDF_Caveman-Basics-Tricks_wetfloor/20251208_other/20251208_other_basics/VID_20251208_105859104_PushingV1_005_L.mp4
VID_20260119_104241897_carving_002_L_slightlyblurry,Rollen,carving,20260119_videos_LDF_Basics-Tricks_noboarddrop,/Volumes/HHN_LBSBLab/HHN_GECKO_LBSBLab/HHN_GECKO_LBSBLab_videos/20260119_videos_LDF_Basics-Tricks_noboarddrop/20260119_other/20260119_other_basics/VID_20260119_104241897_carving_002_L_slightlyblurry.mp4
20260420_121645_r1875_mb8_r_successful_Carving_001,Rollen,Carving,20260420_videos_LDF_Basics-Tricks,/Volumes/HHN_LBSBLab/HHN_GECKO_LBSBLab/HHN_GECKO_LBSBLab_videos/20260420_videos_LDF_Basics-Tricks/20260420_121645_r1875_mb8_r_successful_Carving_001.mp4
20260615_102248_r2311_mb3_r_successful_pushingV1_011,Rollen,pushingV1,20260615_videos_LDF_basics,/Volumes/HHN_LBSBLab/HHN_GECKO_LBSBLab/HHN_GECKO_LBSBLab_videos/20260615_videos_LDF_basics/20260615_102248_r2311_mb3_r_successful_pushingV1_011.mp4
VID_20251208_114652231_Carving_010_R_blurred,Rollen,Carving,20251208_videos_LDF_Caveman-Basics-Tricks_wetfloor,/Volumes/HHN_LBSBLab/HHN_GECKO_LBSBLab/HHN_GECKO_LBSBLab_videos/20251208_videos_LDF_Caveman-Basics-Tricks_wetfloor/20251208_other/20251208_other_basics/VID_20251208_114652231_Carving_010_R_blurred.mp4
VID_20260119_104504227_carving_008_L_goodresolution,Rollen,carving,20260119_videos_LDF_Basics-Tricks_noboarddrop,/Volumes/HHN_LBSBLab/HHN_GECKO_LBSBLab/HHN_GECKO_LBSBLab_videos/20260119_videos_LDF_Basics-Tricks_noboarddrop/20260119_other/20260119_other_basics/VID_20260119_104504227_carving_008_L_goodresolution.mp4
20260420_115151_r1829_mb4_r_successful_PushingV2_001,Rollen,PushingV2,20260420_videos_LDF_Basics-Tricks,/Volumes/HHN_LBSBLab/HHN_GECKO_LBSBLab/HHN_GECKO_LBSBLab_videos/20260420_videos_LDF_Basics-Tricks/20260420_115151_r1829_mb4_r_successful_PushingV2_001.mp4
20260615_103015_r2330_mb4_l_successful_pushingV2_010,Rollen,pushingV2,20260615_videos_LDF_basics,/Volumes/HHN_LBSBLab/HHN_GECKO_LBSBLab/HHN_GECKO_LBSBLab_videos/20260615_videos_LDF_basics/20260615_103015_r2330_mb4_l_successful_pushingV2_010.mp4
VID_20251208_114252372_Carving_002_R_blurred,Rollen,Carving,20251208_videos_LDF_Caveman-Basics-Tricks_wetfloor,/Volumes/HHN_LBSBLab/HHN_GECKO_LBSBLab/HHN_GECKO_LBSBLab_videos/20251208_videos_LDF_Caveman-Basics-Tricks_wetfloor/20251208_other/20251208_other_basics/VID_20251208_114252372_Carving_002_R_blurred.mp4
VID_20260119_101519674_pushingV2_007_R_slightlyblurry,Rollen,pushingV2,20260119_videos_LDF_Basics-Tricks_noboarddrop,/Volumes/HHN_LBSBLab/HHN_GECKO_LBSBLab/HHN_GECKO_LBSBLab_videos/20260119_videos_LDF_Basics-Tricks_noboarddrop/20260119_other/20260119_other_basics/VID_20260119_101519674_pushingV2_007_R_slightlyblurry.mp4
VID_20260202_122457620_ncwPivot_001_L,ncwPivot,ncwPivot,20260202_videos_LDF_Tricks_noboarddrop,/Volumes/HHN_LBSBLab/HHN_GECKO_LBSBLab/HHN_GECKO_LBSBLab_videos/20260202_videos_LDF_Tricks_noboarddrop/20260202_other_tricks/VID_20260202_122457620_ncwPivot_001_L.mp4
VID_20260202_122649678_ncwPivot_002_R,ncwPivot,ncwPivot,20260202_videos_LDF_Tricks_noboarddrop,/Volumes/HHN_LBSBLab/HHN_GECKO_LBSBLab/HHN_GECKO_LBSBLab_videos/20260202_videos_LDF_Tricks_noboarddrop/20260202_other_tricks/VID_20260202_122649678_ncwPivot_002_R.mp4
VID_20260202_122715308_ncwPivot_003_L,ncwPivot,ncwPivot,20260202_videos_LDF_Tricks_noboarddrop,/Volumes/HHN_LBSBLab/HHN_GECKO_LBSBLab/HHN_GECKO_LBSBLab_videos/20260202_videos_LDF_Tricks_noboarddrop/20260202_other_tricks/VID_20260202_122715308_ncwPivot_003_L.mp4
VID_20260202_122736850_ncwPivot_004_R,ncwPivot,ncwPivot,20260202_videos_LDF_Tricks_noboarddrop,/Volumes/HHN_LBSBLab/HHN_GECKO_LBSBLab/HHN_GECKO_LBSBLab_videos/20260202_videos_LDF_Tricks_noboarddrop/20260202_other_tricks/VID_20260202_122736850_ncwPivot_004_R.mp4
VID_20260202_122757544_ncwPivot_005_L_meh,ncwPivot,ncwPivot,20260202_videos_LDF_Tricks_noboarddrop,/Volumes/HHN_LBSBLab/HHN_GECKO_LBSBLab/HHN_GECKO_LBSBLab_videos/20260202_videos_LDF_Tricks_noboarddrop/20260202_other_tricks/VID_20260202_122757544_ncwPivot_005_L_meh.mp4
VID_20260202_122825199_ncwPivot_006_R,ncwPivot,ncwPivot,20260202_videos_LDF_Tricks_noboarddrop,/Volumes/HHN_LBSBLab/HHN_GECKO_LBSBLab/HHN_GECKO_LBSBLab_videos/20260202_videos_LDF_Tricks_noboarddrop/20260202_other_tricks/VID_20260202_122825199_ncwPivot_006_R.mp4
VID_20260202_122852522_ncwPivot_007_L,ncwPivot,ncwPivot,20260202_videos_LDF_Tricks_noboarddrop,/Volumes/HHN_LBSBLab/HHN_GECKO_LBSBLab/HHN_GECKO_LBSBLab_videos/20260202_videos_LDF_Tricks_noboarddrop/20260202_other_tricks/VID_20260202_122852522_ncwPivot_007_L.mp4
VID_20260202_122943439_ncwPivot_008_R,ncwPivot,ncwPivot,20260202_videos_LDF_Tricks_noboarddrop,/Volumes/HHN_LBSBLab/HHN_GECKO_LBSBLab/HHN_GECKO_LBSBLab_videos/20260202_videos_LDF_Tricks_noboarddrop/20260202_other_tricks/VID_20260202_122943439_ncwPivot_008_R.mp4
VID_20260202_123040012_ncwPivot_009_L,ncwPivot,ncwPivot,20260202_videos_LDF_Tricks_noboarddrop,/Volumes/HHN_LBSBLab/HHN_GECKO_LBSBLab/HHN_GECKO_LBSBLab_videos/20260202_videos_LDF_Tricks_noboarddrop/20260202_other_tricks/VID_20260202_123040012_ncwPivot_009_L.mp4
VID_20260202_123103634_ncwPivot_010_R,ncwPivot,ncwPivot,20260202_videos_LDF_Tricks_noboarddrop,/Volumes/HHN_LBSBLab/HHN_GECKO_LBSBLab/HHN_GECKO_LBSBLab_videos/20260202_videos_LDF_Tricks_noboarddrop/20260202_other_tricks/VID_20260202_123103634_ncwPivot_010_R.mp4
VID_20260202_123122251_ncwPivot_011_L,ncwPivot,ncwPivot,20260202_videos_LDF_Tricks_noboarddrop,/Volumes/HHN_LBSBLab/HHN_GECKO_LBSBLab/HHN_GECKO_LBSBLab_videos/20260202_videos_LDF_Tricks_noboarddrop/20260202_other_tricks/VID_20260202_123122251_ncwPivot_011_L.mp4
VID_20260202_123312341_ncwPivot_012_R,ncwPivot,ncwPivot,20260202_videos_LDF_Tricks_noboarddrop,/Volumes/HHN_LBSBLab/HHN_GECKO_LBSBLab/HHN_GECKO_LBSBLab_videos/20260202_videos_LDF_Tricks_noboarddrop/20260202_other_tricks/VID_20260202_123312341_ncwPivot_012_R.mp4
VID_20260202_123339166_ncwPivot_013_L,ncwPivot,ncwPivot,20260202_videos_LDF_Tricks_noboarddrop,/Volumes/HHN_LBSBLab/HHN_GECKO_LBSBLab/HHN_GECKO_LBSBLab_videos/20260202_videos_LDF_Tricks_noboarddrop/20260202_other_tricks/VID_20260202_123339166_ncwPivot_013_L.mp4
VID_20260202_123401640_ncwPivot_014_R,ncwPivot,ncwPivot,20260202_videos_LDF_Tricks_noboarddrop,/Volumes/HHN_LBSBLab/HHN_GECKO_LBSBLab/HHN_GECKO_LBSBLab_videos/20260202_videos_LDF_Tricks_noboarddrop/20260202_other_tricks/VID_20260202_123401640_ncwPivot_014_R.mp4
VID_20260202_123428454_ncwPivot_015_L,ncwPivot,ncwPivot,20260202_videos_LDF_Tricks_noboarddrop,/Volumes/HHN_LBSBLab/HHN_GECKO_LBSBLab/HHN_GECKO_LBSBLab_videos/20260202_videos_LDF_Tricks_noboarddrop/20260202_other_tricks/VID_20260202_123428454_ncwPivot_015_L.mp4
VID_20260202_123456055_ncwPivot_016_R,ncwPivot,ncwPivot,20260202_videos_LDF_Tricks_noboarddrop,/Volumes/HHN_LBSBLab/HHN_GECKO_LBSBLab/HHN_GECKO_LBSBLab_videos/20260202_videos_LDF_Tricks_noboarddrop/20260202_other_tricks/VID_20260202_123456055_ncwPivot_016_R.mp4
VID_20260202_123517664_ncwPivot_017_L,ncwPivot,ncwPivot,20260202_videos_LDF_Tricks_noboarddrop,/Volumes/HHN_LBSBLab/HHN_GECKO_LBSBLab/HHN_GECKO_LBSBLab_videos/20260202_videos_LDF_Tricks_noboarddrop/20260202_other_tricks/VID_20260202_123517664_ncwPivot_017_L.mp4
VID_20260202_123543807_ncwPivot_018_R,ncwPivot,ncwPivot,20260202_videos_LDF_Tricks_noboarddrop,/Volumes/HHN_LBSBLab/HHN_GECKO_LBSBLab/HHN_GECKO_LBSBLab_videos/20260202_videos_LDF_Tricks_noboarddrop/20260202_other_tricks/VID_20260202_123543807_ncwPivot_018_R.mp4
VID_20260202_123631085_ncwPivot_019_R,ncwPivot,ncwPivot,20260202_videos_LDF_Tricks_noboarddrop,/Volumes/HHN_LBSBLab/HHN_GECKO_LBSBLab/HHN_GECKO_LBSBLab_videos/20260202_videos_LDF_Tricks_noboarddrop/20260202_other_tricks/VID_20260202_123631085_ncwPivot_019_R.mp4
VID_20260202_123650759_ncwPivot_020_L,ncwPivot,ncwPivot,20260202_videos_LDF_Tricks_noboarddrop,/Volumes/HHN_LBSBLab/HHN_GECKO_LBSBLab/HHN_GECKO_LBSBLab_videos/20260202_videos_LDF_Tricks_noboarddrop/20260202_other_tricks/VID_20260202_123650759_ncwPivot_020_L.mp4
VID_20260202_123833381_ncwShuvit_001_R,ncwShuvit,ncwShuvit,20260202_videos_LDF_Tricks_noboarddrop,/Volumes/HHN_LBSBLab/HHN_GECKO_LBSBLab/HHN_GECKO_LBSBLab_videos/20260202_videos_LDF_Tricks_noboarddrop/20260202_other_tricks/VID_20260202_123833381_ncwShuvit_001_R.mp4
VID_20260202_123900533_ncwShuvit_002_L_meh,ncwShuvit,ncwShuvit,20260202_videos_LDF_Tricks_noboarddrop,/Volumes/HHN_LBSBLab/HHN_GECKO_LBSBLab/HHN_GECKO_LBSBLab_videos/20260202_videos_LDF_Tricks_noboarddrop/20260202_other_tricks/VID_20260202_123900533_ncwShuvit_002_L_meh.mp4
VID_20260202_123922903_ncwShuvit_003_R,ncwShuvit,ncwShuvit,20260202_videos_LDF_Tricks_noboarddrop,/Volumes/HHN_LBSBLab/HHN_GECKO_LBSBLab/HHN_GECKO_LBSBLab_videos/20260202_videos_LDF_Tricks_noboarddrop/20260202_other_tricks/VID_20260202_123922903_ncwShuvit_003_R.mp4
VID_20260202_124011740_ncwShuvit_004_L,ncwShuvit,ncwShuvit,20260202_videos_LDF_Tricks_noboarddrop,/Volumes/HHN_LBSBLab/HHN_GECKO_LBSBLab/HHN_GECKO_LBSBLab_videos/20260202_videos_LDF_Tricks_noboarddrop/20260202_other_tricks/VID_20260202_124011740_ncwShuvit_004_L.mp4
VID_20260202_124034719_ncwShuvit_005_R,ncwShuvit,ncwShuvit,20260202_videos_LDF_Tricks_noboarddrop,/Volumes/HHN_LBSBLab/HHN_GECKO_LBSBLab/HHN_GECKO_LBSBLab_videos/20260202_videos_LDF_Tricks_noboarddrop/20260202_other_tricks/VID_20260202_124034719_ncwShuvit_005_R.mp4
VID_20260202_124055188_ncwShuvit_006_L,ncwShuvit,ncwShuvit,20260202_videos_LDF_Tricks_noboarddrop,/Volumes/HHN_LBSBLab/HHN_GECKO_LBSBLab/HHN_GECKO_LBSBLab_videos/20260202_videos_LDF_Tricks_noboarddrop/20260202_other_tricks/VID_20260202_124055188_ncwShuvit_006_L.mp4
VID_20260202_124120130_ncwShuvit_007_R,ncwShuvit,ncwShuvit,20260202_videos_LDF_Tricks_noboarddrop,/Volumes/HHN_LBSBLab/HHN_GECKO_LBSBLab/HHN_GECKO_LBSBLab_videos/20260202_videos_LDF_Tricks_noboarddrop/20260202_other_tricks/VID_20260202_124120130_ncwShuvit_007_R.mp4
VID_20260202_124143538_ncwShuvit_008_L,ncwShuvit,ncwShuvit,20260202_videos_LDF_Tricks_noboarddrop,/Volumes/HHN_LBSBLab/HHN_GECKO_LBSBLab/HHN_GECKO_LBSBLab_videos/20260202_videos_LDF_Tricks_noboarddrop/20260202_other_tricks/VID_20260202_124143538_ncwShuvit_008_L.mp4
VID_20260202_124208805_ncwShuvit_009_R,ncwShuvit,ncwShuvit,20260202_videos_LDF_Tricks_noboarddrop,/Volumes/HHN_LBSBLab/HHN_GECKO_LBSBLab/HHN_GECKO_LBSBLab_videos/20260202_videos_LDF_Tricks_noboarddrop/20260202_other_tricks/VID_20260202_124208805_ncwShuvit_009_R.mp4
VID_20260202_124231423_ncwShuvit_010_L,ncwShuvit,ncwShuvit,20260202_videos_LDF_Tricks_noboarddrop,/Volumes/HHN_LBSBLab/HHN_GECKO_LBSBLab/HHN_GECKO_LBSBLab_videos/20260202_videos_LDF_Tricks_noboarddrop/20260202_other_tricks/VID_20260202_124231423_ncwShuvit_010_L.mp4
VID_20260202_124253698_ncwShuvit_011_R,ncwShuvit,ncwShuvit,20260202_videos_LDF_Tricks_noboarddrop,/Volumes/HHN_LBSBLab/HHN_GECKO_LBSBLab/HHN_GECKO_LBSBLab_videos/20260202_videos_LDF_Tricks_noboarddrop/20260202_other_tricks/VID_20260202_124253698_ncwShuvit_011_R.mp4
VID_20260202_124312152_ncwShuvit_012_L_meh,ncwShuvit,ncwShuvit,20260202_videos_LDF_Tricks_noboarddrop,/Volumes/HHN_LBSBLab/HHN_GECKO_LBSBLab/HHN_GECKO_LBSBLab_videos/20260202_videos_LDF_Tricks_noboarddrop/20260202_other_tricks/VID_20260202_124312152_ncwShuvit_012_L_meh.mp4
VID_20260202_124330890_ncwShuvit_013_R,ncwShuvit,ncwShuvit,20260202_videos_LDF_Tricks_noboarddrop,/Volumes/HHN_LBSBLab/HHN_GECKO_LBSBLab/HHN_GECKO_LBSBLab_videos/20260202_videos_LDF_Tricks_noboarddrop/20260202_other_tricks/VID_20260202_124330890_ncwShuvit_013_R.mp4
VID_20260202_124355177_ncwShuvit_014_L,ncwShuvit,ncwShuvit,20260202_videos_LDF_Tricks_noboarddrop,/Volumes/HHN_LBSBLab/HHN_GECKO_LBSBLab/HHN_GECKO_LBSBLab_videos/20260202_videos_LDF_Tricks_noboarddrop/20260202_other_tricks/VID_20260202_124355177_ncwShuvit_014_L.mp4
VID_20260202_124414796_ncwShuvit_015_R,ncwShuvit,ncwShuvit,20260202_videos_LDF_Tricks_noboarddrop,/Volumes/HHN_LBSBLab/HHN_GECKO_LBSBLab/HHN_GECKO_LBSBLab_videos/20260202_videos_LDF_Tricks_noboarddrop/20260202_other_tricks/VID_20260202_124414796_ncwShuvit_015_R.mp4
VID_20260202_124435833_ncwShuvit_016_L_meh,ncwShuvit,ncwShuvit,20260202_videos_LDF_Tricks_noboarddrop,/Volumes/HHN_LBSBLab/HHN_GECKO_LBSBLab/HHN_GECKO_LBSBLab_videos/20260202_videos_LDF_Tricks_noboarddrop/20260202_other_tricks/VID_20260202_124435833_ncwShuvit_016_L_meh.mp4
VID_20260202_124456785_ncwShuvit_017_R_meh,ncwShuvit,ncwShuvit,20260202_videos_LDF_Tricks_noboarddrop,/Volumes/HHN_LBSBLab/HHN_GECKO_LBSBLab/HHN_GECKO_LBSBLab_videos/20260202_videos_LDF_Tricks_noboarddrop/20260202_other_tricks/VID_20260202_124456785_ncwShuvit_017_R_meh.mp4
VID_20260202_124515887_ncwShuvit_018_L,ncwShuvit,ncwShuvit,20260202_videos_LDF_Tricks_noboarddrop,/Volumes/HHN_LBSBLab/HHN_GECKO_LBSBLab/HHN_GECKO_LBSBLab_videos/20260202_videos_LDF_Tricks_noboarddrop/20260202_other_tricks/VID_20260202_124515887_ncwShuvit_018_L.mp4
VID_20260202_124539460_ncwShuvit_019_R_very-good-execution,ncwShuvit,ncwShuvit,20260202_videos_LDF_Tricks_noboarddrop,/Volumes/HHN_LBSBLab/HHN_GECKO_LBSBLab/HHN_GECKO_LBSBLab_videos/20260202_videos_LDF_Tricks_noboarddrop/20260202_other_tricks/VID_20260202_124539460_ncwShuvit_019_R_very-good-execution.mp4
VID_20260202_124601901_ncwShuvit_020_L,ncwShuvit,ncwShuvit,20260202_videos_LDF_Tricks_noboarddrop,/Volumes/HHN_LBSBLab/HHN_GECKO_LBSBLab/HHN_GECKO_LBSBLab_videos/20260202_videos_LDF_Tricks_noboarddrop/20260202_other_tricks/VID_20260202_124601901_ncwShuvit_020_L.mp4
VID_20260202_124855478_ccwTigerclawBV_001_R,ccwTigerclawBV,ccwTigerclawBV,20260202_videos_LDF_Tricks_noboarddrop,/Volumes/HHN_LBSBLab/HHN_GECKO_LBSBLab/HHN_GECKO_LBSBLab_videos/20260202_videos_LDF_Tricks_noboarddrop/20260202_other_tricks/VID_20260202_124855478_ccwTigerclawBV_001_R.mp4
VID_20260202_124915101_ccwTigerclawBV_002_L,ccwTigerclawBV,ccwTigerclawBV,20260202_videos_LDF_Tricks_noboarddrop,/Volumes/HHN_LBSBLab/HHN_GECKO_LBSBLab/HHN_GECKO_LBSBLab_videos/20260202_videos_LDF_Tricks_noboarddrop/20260202_other_tricks/VID_20260202_124915101_ccwTigerclawBV_002_L.mp4
VID_20260202_124937425_ccwTigerclawBV_003_R_meh,ccwTigerclawBV,ccwTigerclawBV,20260202_videos_LDF_Tricks_noboarddrop,/Volumes/HHN_LBSBLab/HHN_GECKO_LBSBLab/HHN_GECKO_LBSBLab_videos/20260202_videos_LDF_Tricks_noboarddrop/20260202_other_tricks/VID_20260202_124937425_ccwTigerclawBV_003_R_meh.mp4
VID_20260202_124955432_ccwTigerclawBV_004_L,ccwTigerclawBV,ccwTigerclawBV,20260202_videos_LDF_Tricks_noboarddrop,/Volumes/HHN_LBSBLab/HHN_GECKO_LBSBLab/HHN_GECKO_LBSBLab_videos/20260202_videos_LDF_Tricks_noboarddrop/20260202_other_tricks/VID_20260202_124955432_ccwTigerclawBV_004_L.mp4
VID_20260202_125017500_ccwTigerclawBV_005_R,ccwTigerclawBV,ccwTigerclawBV,20260202_videos_LDF_Tricks_noboarddrop,/Volumes/HHN_LBSBLab/HHN_GECKO_LBSBLab/HHN_GECKO_LBSBLab_videos/20260202_videos_LDF_Tricks_noboarddrop/20260202_other_tricks/VID_20260202_125017500_ccwTigerclawBV_005_R.mp4
VID_20260202_125038849_ccwTigerclawBV_006_L,ccwTigerclawBV,ccwTigerclawBV,20260202_videos_LDF_Tricks_noboarddrop,/Volumes/HHN_LBSBLab/HHN_GECKO_LBSBLab/HHN_GECKO_LBSBLab_videos/20260202_videos_LDF_Tricks_noboarddrop/20260202_other_tricks/VID_20260202_125038849_ccwTigerclawBV_006_L.mp4
VID_20260202_125105017_ccwTigerclawBV_007_R,ccwTigerclawBV,ccwTigerclawBV,20260202_videos_LDF_Tricks_noboarddrop,/Volumes/HHN_LBSBLab/HHN_GECKO_LBSBLab/HHN_GECKO_LBSBLab_videos/20260202_videos_LDF_Tricks_noboarddrop/20260202_other_tricks/VID_20260202_125105017_ccwTigerclawBV_007_R.mp4
VID_20260202_125125008_ccwTigerclawBV_008_L,ccwTigerclawBV,ccwTigerclawBV,20260202_videos_LDF_Tricks_noboarddrop,/Volumes/HHN_LBSBLab/HHN_GECKO_LBSBLab/HHN_GECKO_LBSBLab_videos/20260202_videos_LDF_Tricks_noboarddrop/20260202_other_tricks/VID_20260202_125125008_ccwTigerclawBV_008_L.mp4
VID_20260202_125147349_ccwTigerclawBV_009_R,ccwTigerclawBV,ccwTigerclawBV,20260202_videos_LDF_Tricks_noboarddrop,/Volumes/HHN_LBSBLab/HHN_GECKO_LBSBLab/HHN_GECKO_LBSBLab_videos/20260202_videos_LDF_Tricks_noboarddrop/20260202_other_tricks/VID_20260202_125147349_ccwTigerclawBV_009_R.mp4
VID_20260202_125204829_ccwTigerclawBV_010_L,ccwTigerclawBV,ccwTigerclawBV,20260202_videos_LDF_Tricks_noboarddrop,/Volumes/HHN_LBSBLab/HHN_GECKO_LBSBLab/HHN_GECKO_LBSBLab_videos/20260202_videos_LDF_Tricks_noboarddrop/20260202_other_tricks/VID_20260202_125204829_ccwTigerclawBV_010_L.mp4
VID_20260202_125226555_ccwTigerclawBV_011_R,ccwTigerclawBV,ccwTigerclawBV,20260202_videos_LDF_Tricks_noboarddrop,/Volumes/HHN_LBSBLab/HHN_GECKO_LBSBLab/HHN_GECKO_LBSBLab_videos/20260202_videos_LDF_Tricks_noboarddrop/20260202_other_tricks/VID_20260202_125226555_ccwTigerclawBV_011_R.mp4
VID_20260202_125244287_ccwTigerclawBV_012_L,ccwTigerclawBV,ccwTigerclawBV,20260202_videos_LDF_Tricks_noboarddrop,/Volumes/HHN_LBSBLab/HHN_GECKO_LBSBLab/HHN_GECKO_LBSBLab_videos/20260202_videos_LDF_Tricks_noboarddrop/20260202_other_tricks/VID_20260202_125244287_ccwTigerclawBV_012_L.mp4
VID_20260202_125304313_ccwTigerclawBV_013_R,ccwTigerclawBV,ccwTigerclawBV,20260202_videos_LDF_Tricks_noboarddrop,/Volumes/HHN_LBSBLab/HHN_GECKO_LBSBLab/HHN_GECKO_LBSBLab_videos/20260202_videos_LDF_Tricks_noboarddrop/20260202_other_tricks/VID_20260202_125304313_ccwTigerclawBV_013_R.mp4
VID_20260202_125347962_ccwTigerclawBV_014_L,ccwTigerclawBV,ccwTigerclawBV,20260202_videos_LDF_Tricks_noboarddrop,/Volumes/HHN_LBSBLab/HHN_GECKO_LBSBLab/HHN_GECKO_LBSBLab_videos/20260202_videos_LDF_Tricks_noboarddrop/20260202_other_tricks/VID_20260202_125347962_ccwTigerclawBV_014_L.mp4
VID_20260202_125408781_ccwTigerclawBV_015_R,ccwTigerclawBV,ccwTigerclawBV,20260202_videos_LDF_Tricks_noboarddrop,/Volumes/HHN_LBSBLab/HHN_GECKO_LBSBLab/HHN_GECKO_LBSBLab_videos/20260202_videos_LDF_Tricks_noboarddrop/20260202_other_tricks/VID_20260202_125408781_ccwTigerclawBV_015_R.mp4
VID_20260202_125429432_ccwTigerclawBV_016_L,ccwTigerclawBV,ccwTigerclawBV,20260202_videos_LDF_Tricks_noboarddrop,/Volumes/HHN_LBSBLab/HHN_GECKO_LBSBLab/HHN_GECKO_LBSBLab_videos/20260202_videos_LDF_Tricks_noboarddrop/20260202_other_tricks/VID_20260202_125429432_ccwTigerclawBV_016_L.mp4
VID_20260202_125448766_ccwTigerclawBV_017_R,ccwTigerclawBV,ccwTigerclawBV,20260202_videos_LDF_Tricks_noboarddrop,/Volumes/HHN_LBSBLab/HHN_GECKO_LBSBLab/HHN_GECKO_LBSBLab_videos/20260202_videos_LDF_Tricks_noboarddrop/20260202_other_tricks/VID_20260202_125448766_ccwTigerclawBV_017_R.mp4
VID_20260202_125508360_ccwTigerclawBV_018_L_meh,ccwTigerclawBV,ccwTigerclawBV,20260202_videos_LDF_Tricks_noboarddrop,/Volumes/HHN_LBSBLab/HHN_GECKO_LBSBLab/HHN_GECKO_LBSBLab_videos/20260202_videos_LDF_Tricks_noboarddrop/20260202_other_tricks/VID_20260202_125508360_ccwTigerclawBV_018_L_meh.mp4
VID_20260202_125531771_ccwTigerclawBV_019_R,ccwTigerclawBV,ccwTigerclawBV,20260202_videos_LDF_Tricks_noboarddrop,/Volumes/HHN_LBSBLab/HHN_GECKO_LBSBLab/HHN_GECKO_LBSBLab_videos/20260202_videos_LDF_Tricks_noboarddrop/20260202_other_tricks/VID_20260202_125531771_ccwTigerclawBV_019_R.mp4
VID_20260202_125554643_ccwTigerclawBV_020_L,ccwTigerclawBV,ccwTigerclawBV,20260202_videos_LDF_Tricks_noboarddrop,/Volumes/HHN_LBSBLab/HHN_GECKO_LBSBLab/HHN_GECKO_LBSBLab_videos/20260202_videos_LDF_Tricks_noboarddrop/20260202_other_tricks/VID_20260202_125554643_ccwTigerclawBV_020_L.mp4
VID_20260202_125828884_cwTigerclaw_001_R,cwTigerclaw,cwTigerclaw,20260202_videos_LDF_Tricks_noboarddrop,/Volumes/HHN_LBSBLab/HHN_GECKO_LBSBLab/HHN_GECKO_LBSBLab_videos/20260202_videos_LDF_Tricks_noboarddrop/20260202_other_tricks/VID_20260202_125828884_cwTigerclaw_001_R.mp4
VID_20260202_125848629_cwTigerclaw_002_L_meh,cwTigerclaw,cwTigerclaw,20260202_videos_LDF_Tricks_noboarddrop,/Volumes/HHN_LBSBLab/HHN_GECKO_LBSBLab/HHN_GECKO_LBSBLab_videos/20260202_videos_LDF_Tricks_noboarddrop/20260202_other_tricks/VID_20260202_125848629_cwTigerclaw_002_L_meh.mp4
VID_20260202_125909065_cwTigerclaw_003_R,cwTigerclaw,cwTigerclaw,20260202_videos_LDF_Tricks_noboarddrop,/Volumes/HHN_LBSBLab/HHN_GECKO_LBSBLab/HHN_GECKO_LBSBLab_videos/20260202_videos_LDF_Tricks_noboarddrop/20260202_other_tricks/VID_20260202_125909065_cwTigerclaw_003_R.mp4
VID_20260202_125954003_cwTigerclaw_004_L,cwTigerclaw,cwTigerclaw,20260202_videos_LDF_Tricks_noboarddrop,/Volumes/HHN_LBSBLab/HHN_GECKO_LBSBLab/HHN_GECKO_LBSBLab_videos/20260202_videos_LDF_Tricks_noboarddrop/20260202_other_tricks/VID_20260202_125954003_cwTigerclaw_004_L.mp4
VID_20260202_130038753_cwTigerclaw_005_R,cwTigerclaw,cwTigerclaw,20260202_videos_LDF_Tricks_noboarddrop,/Volumes/HHN_LBSBLab/HHN_GECKO_LBSBLab/HHN_GECKO_LBSBLab_videos/20260202_videos_LDF_Tricks_noboarddrop/20260202_other_tricks/VID_20260202_130038753_cwTigerclaw_005_R.mp4
VID_20260202_130056305_cwTigerclaw_006_L_meh,cwTigerclaw,cwTigerclaw,20260202_videos_LDF_Tricks_noboarddrop,/Volumes/HHN_LBSBLab/HHN_GECKO_LBSBLab/HHN_GECKO_LBSBLab_videos/20260202_videos_LDF_Tricks_noboarddrop/20260202_other_tricks/VID_20260202_130056305_cwTigerclaw_006_L_meh.mp4
VID_20260202_130114109_cwTigerclaw_007_R,cwTigerclaw,cwTigerclaw,20260202_videos_LDF_Tricks_noboarddrop,/Volumes/HHN_LBSBLab/HHN_GECKO_LBSBLab/HHN_GECKO_LBSBLab_videos/20260202_videos_LDF_Tricks_noboarddrop/20260202_other_tricks/VID_20260202_130114109_cwTigerclaw_007_R.mp4
VID_20260202_130136125_cwTigerclaw_008_L,cwTigerclaw,cwTigerclaw,20260202_videos_LDF_Tricks_noboarddrop,/Volumes/HHN_LBSBLab/HHN_GECKO_LBSBLab/HHN_GECKO_LBSBLab_videos/20260202_videos_LDF_Tricks_noboarddrop/20260202_other_tricks/VID_20260202_130136125_cwTigerclaw_008_L.mp4
VID_20260202_130154571_cwTigerclaw_009_R,cwTigerclaw,cwTigerclaw,20260202_videos_LDF_Tricks_noboarddrop,/Volumes/HHN_LBSBLab/HHN_GECKO_LBSBLab/HHN_GECKO_LBSBLab_videos/20260202_videos_LDF_Tricks_noboarddrop/20260202_other_tricks/VID_20260202_130154571_cwTigerclaw_009_R.mp4
VID_20260202_130212504_cwTigerclaw_010_L,cwTigerclaw,cwTigerclaw,20260202_videos_LDF_Tricks_noboarddrop,/Volumes/HHN_LBSBLab/HHN_GECKO_LBSBLab/HHN_GECKO_LBSBLab_videos/20260202_videos_LDF_Tricks_noboarddrop/20260202_other_tricks/VID_20260202_130212504_cwTigerclaw_010_L.mp4
VID_20260202_130255842_cwTigerclaw_011_R_meh,cwTigerclaw,cwTigerclaw,20260202_videos_LDF_Tricks_noboarddrop,/Volumes/HHN_LBSBLab/HHN_GECKO_LBSBLab/HHN_GECKO_LBSBLab_videos/20260202_videos_LDF_Tricks_noboarddrop/20260202_other_tricks/VID_20260202_130255842_cwTigerclaw_011_R_meh.mp4
VID_20260202_130343838_cwTigerclaw_012_L,cwTigerclaw,cwTigerclaw,20260202_videos_LDF_Tricks_noboarddrop,/Volumes/HHN_LBSBLab/HHN_GECKO_LBSBLab/HHN_GECKO_LBSBLab_videos/20260202_videos_LDF_Tricks_noboarddrop/20260202_other_tricks/VID_20260202_130343838_cwTigerclaw_012_L.mp4
VID_20260202_130400159_cwTigerclaw_013_R,cwTigerclaw,cwTigerclaw,20260202_videos_LDF_Tricks_noboarddrop,/Volumes/HHN_LBSBLab/HHN_GECKO_LBSBLab/HHN_GECKO_LBSBLab_videos/20260202_videos_LDF_Tricks_noboarddrop/20260202_other_tricks/VID_20260202_130400159_cwTigerclaw_013_R.mp4
VID_20260202_130447439_cwTigerclaw_014_L,cwTigerclaw,cwTigerclaw,20260202_videos_LDF_Tricks_noboarddrop,/Volumes/HHN_LBSBLab/HHN_GECKO_LBSBLab/HHN_GECKO_LBSBLab_videos/20260202_videos_LDF_Tricks_noboarddrop/20260202_other_tricks/VID_20260202_130447439_cwTigerclaw_014_L.mp4
VID_20260202_130504506_cwTigerclaw_015_R_blurry,cwTigerclaw,cwTigerclaw,20260202_videos_LDF_Tricks_noboarddrop,/Volumes/HHN_LBSBLab/HHN_GECKO_LBSBLab/HHN_GECKO_LBSBLab_videos/20260202_videos_LDF_Tricks_noboarddrop/20260202_other_tricks/VID_20260202_130504506_cwTigerclaw_015_R_blurry.mp4
VID_20260202_130523122_cwTigerclaw_016_L,cwTigerclaw,cwTigerclaw,20260202_videos_LDF_Tricks_noboarddrop,/Volumes/HHN_LBSBLab/HHN_GECKO_LBSBLab/HHN_GECKO_LBSBLab_videos/20260202_videos_LDF_Tricks_noboarddrop/20260202_other_tricks/VID_20260202_130523122_cwTigerclaw_016_L.mp4
VID_20260202_130547395_cwTigerclaw_017_R_meh,cwTigerclaw,cwTigerclaw,20260202_videos_LDF_Tricks_noboarddrop,/Volumes/HHN_LBSBLab/HHN_GECKO_LBSBLab/HHN_GECKO_LBSBLab_videos/20260202_videos_LDF_Tricks_noboarddrop/20260202_other_tricks/VID_20260202_130547395_cwTigerclaw_017_R_meh.mp4
VID_20260202_130607082_cwTigerclaw_018_L,cwTigerclaw,cwTigerclaw,20260202_videos_LDF_Tricks_noboarddrop,/Volumes/HHN_LBSBLab/HHN_GECKO_LBSBLab/HHN_GECKO_LBSBLab_videos/20260202_videos_LDF_Tricks_noboarddrop/20260202_other_tricks/VID_20260202_130607082_cwTigerclaw_018_L.mp4
VID_20260202_130626006_cwTigerclaw_019_R,cwTigerclaw,cwTigerclaw,20260202_videos_LDF_Tricks_noboarddrop,/Volumes/HHN_LBSBLab/HHN_GECKO_LBSBLab/HHN_GECKO_LBSBLab_videos/20260202_videos_LDF_Tricks_noboarddrop/20260202_other_tricks/VID_20260202_130626006_cwTigerclaw_019_R.mp4
VID_20260202_130646242_cwTigerclaw_020_L,cwTigerclaw,cwTigerclaw,20260202_videos_LDF_Tricks_noboarddrop,/Volumes/HHN_LBSBLab/HHN_GECKO_LBSBLab/HHN_GECKO_LBSBLab_videos/20260202_videos_LDF_Tricks_noboarddrop/20260202_other_tricks/VID_20260202_130646242_cwTigerclaw_020_L.mp4
VID_20260202_130749381_fcw2Step540Aerograb_001_R,fcw2Step540Aerograb,fcw2Step540Aerograb,20260202_videos_LDF_Tricks_noboarddrop,/Volumes/HHN_LBSBLab/HHN_GECKO_LBSBLab/HHN_GECKO_LBSBLab_videos/20260202_videos_LDF_Tricks_noboarddrop/20260202_other_tricks/VID_20260202_130749381_fcw2Step540Aerograb_001_R.mp4
VID_20260202_130806552_fcw2Step540Aerograb_002_L,fcw2Step540Aerograb,fcw2Step540Aerograb,20260202_videos_LDF_Tricks_noboarddrop,/Volumes/HHN_LBSBLab/HHN_GECKO_LBSBLab/HHN_GECKO_LBSBLab_videos/20260202_videos_LDF_Tricks_noboarddrop/20260202_other_tricks/VID_20260202_130806552_fcw2Step540Aerograb_002_L.mp4
VID_20260202_130823789_fcw2Step540Aerograb_003_R_meh,fcw2Step540Aerograb,fcw2Step540Aerograb,20260202_videos_LDF_Tricks_noboarddrop,/Volumes/HHN_LBSBLab/HHN_GECKO_LBSBLab/HHN_GECKO_LBSBLab_videos/20260202_videos_LDF_Tricks_noboarddrop/20260202_other_tricks/VID_20260202_130823789_fcw2Step540Aerograb_003_R_meh.mp4
VID_20260202_130843655_fcw2Step540Aerograb_004_L,fcw2Step540Aerograb,fcw2Step540Aerograb,20260202_videos_LDF_Tricks_noboarddrop,/Volumes/HHN_LBSBLab/HHN_GECKO_LBSBLab/HHN_GECKO_LBSBLab_videos/20260202_videos_LDF_Tricks_noboarddrop/20260202_other_tricks/VID_20260202_130843655_fcw2Step540Aerograb_004_L.mp4
VID_20260202_130902817_fcw2Step540Aerograb_005_R,fcw2Step540Aerograb,fcw2Step540Aerograb,20260202_videos_LDF_Tricks_noboarddrop,/Volumes/HHN_LBSBLab/HHN_GECKO_LBSBLab/HHN_GECKO_LBSBLab_videos/20260202_videos_LDF_Tricks_noboarddrop/20260202_other_tricks/VID_20260202_130902817_fcw2Step540Aerograb_005_R.mp4
VID_20260202_130920910_fcw2Step540Aerograb_006_L_meh,fcw2Step540Aerograb,fcw2Step540Aerograb,20260202_videos_LDF_Tricks_noboarddrop,/Volumes/HHN_LBSBLab/HHN_GECKO_LBSBLab/HHN_GECKO_LBSBLab_videos/20260202_videos_LDF_Tricks_noboarddrop/20260202_other_tricks/VID_20260202_130920910_fcw2Step540Aerograb_006_L_meh.mp4
VID_20260202_130939037_fcw2Step540Aerograb_007_R_good,fcw2Step540Aerograb,fcw2Step540Aerograb,20260202_videos_LDF_Tricks_noboarddrop,/Volumes/HHN_LBSBLab/HHN_GECKO_LBSBLab/HHN_GECKO_LBSBLab_videos/20260202_videos_LDF_Tricks_noboarddrop/20260202_other_tricks/VID_20260202_130939037_fcw2Step540Aerograb_007_R_good.mp4
VID_20260202_131000684_fcw2Step540Aerograb_008_L,fcw2Step540Aerograb,fcw2Step540Aerograb,20260202_videos_LDF_Tricks_noboarddrop,/Volumes/HHN_LBSBLab/HHN_GECKO_LBSBLab/HHN_GECKO_LBSBLab_videos/20260202_videos_LDF_Tricks_noboarddrop/20260202_other_tricks/VID_20260202_131000684_fcw2Step540Aerograb_008_L.mp4
VID_20260202_131021019_fcw2Step540Aerograb_009_R,fcw2Step540Aerograb,fcw2Step540Aerograb,20260202_videos_LDF_Tricks_noboarddrop,/Volumes/HHN_LBSBLab/HHN_GECKO_LBSBLab/HHN_GECKO_LBSBLab_videos/20260202_videos_LDF_Tricks_noboarddrop/20260202_other_tricks/VID_20260202_131021019_fcw2Step540Aerograb_009_R.mp4
VID_20260202_131037811_fcw2Step540Aerograb_010_L_meh,fcw2Step540Aerograb,fcw2Step540Aerograb,20260202_videos_LDF_Tricks_noboarddrop,/Volumes/HHN_LBSBLab/HHN_GECKO_LBSBLab/HHN_GECKO_LBSBLab_videos/20260202_videos_LDF_Tricks_noboarddrop/20260202_other_tricks/VID_20260202_131037811_fcw2Step540Aerograb_010_L_meh.mp4
VID_20260202_131057493_fcw2Step540Aerograb_011_R,fcw2Step540Aerograb,fcw2Step540Aerograb,20260202_videos_LDF_Tricks_noboarddrop,/Volumes/HHN_LBSBLab/HHN_GECKO_LBSBLab/HHN_GECKO_LBSBLab_videos/20260202_videos_LDF_Tricks_noboarddrop/20260202_other_tricks/VID_20260202_131057493_fcw2Step540Aerograb_011_R.mp4
VID_20260202_131206643_fcw2Step540Aerograb_012_L,fcw2Step540Aerograb,fcw2Step540Aerograb,20260202_videos_LDF_Tricks_noboarddrop,/Volumes/HHN_LBSBLab/HHN_GECKO_LBSBLab/HHN_GECKO_LBSBLab_videos/20260202_videos_LDF_Tricks_noboarddrop/20260202_other_tricks/VID_20260202_131206643_fcw2Step540Aerograb_012_L.mp4
VID_20260202_131303566_fcw2Step540Aerograb_013_R,fcw2Step540Aerograb,fcw2Step540Aerograb,20260202_videos_LDF_Tricks_noboarddrop,/Volumes/HHN_LBSBLab/HHN_GECKO_LBSBLab/HHN_GECKO_LBSBLab_videos/20260202_videos_LDF_Tricks_noboarddrop/20260202_other_tricks/VID_20260202_131303566_fcw2Step540Aerograb_013_R.mp4
VID_20260202_131326413_fcw2Step540Aerograb_014_L,fcw2Step540Aerograb,fcw2Step540Aerograb,20260202_videos_LDF_Tricks_noboarddrop,/Volumes/HHN_LBSBLab/HHN_GECKO_LBSBLab/HHN_GECKO_LBSBLab_videos/20260202_videos_LDF_Tricks_noboarddrop/20260202_other_tricks/VID_20260202_131326413_fcw2Step540Aerograb_014_L.mp4
VID_20260202_131352580_fcw2Step540Aerograb_015_R,fcw2Step540Aerograb,fcw2Step540Aerograb,20260202_videos_LDF_Tricks_noboarddrop,/Volumes/HHN_LBSBLab/HHN_GECKO_LBSBLab/HHN_GECKO_LBSBLab_videos/20260202_videos_LDF_Tricks_noboarddrop/20260202_other_tricks/VID_20260202_131352580_fcw2Step540Aerograb_015_R.mp4
VID_20260202_131411126_fcw2Step540Aerograb_016_L,fcw2Step540Aerograb,fcw2Step540Aerograb,20260202_videos_LDF_Tricks_noboarddrop,/Volumes/HHN_LBSBLab/HHN_GECKO_LBSBLab/HHN_GECKO_LBSBLab_videos/20260202_videos_LDF_Tricks_noboarddrop/20260202_other_tricks/VID_20260202_131411126_fcw2Step540Aerograb_016_L.mp4
VID_20260202_131430693_fcw2Step540Aerograb_017_R,fcw2Step540Aerograb,fcw2Step540Aerograb,20260202_videos_LDF_Tricks_noboarddrop,/Volumes/HHN_LBSBLab/HHN_GECKO_LBSBLab/HHN_GECKO_LBSBLab_videos/20260202_videos_LDF_Tricks_noboarddrop/20260202_other_tricks/VID_20260202_131430693_fcw2Step540Aerograb_017_R.mp4
VID_20260202_131450415_fcw2Step540Aerograb_018_L,fcw2Step540Aerograb,fcw2Step540Aerograb,20260202_videos_LDF_Tricks_noboarddrop,/Volumes/HHN_LBSBLab/HHN_GECKO_LBSBLab/HHN_GECKO_LBSBLab_videos/20260202_videos_LDF_Tricks_noboarddrop/20260202_other_tricks/VID_20260202_131450415_fcw2Step540Aerograb_018_L.mp4
VID_20260202_131509567_fcw2Step540Aerograb_019_R,fcw2Step540Aerograb,fcw2Step540Aerograb,20260202_videos_LDF_Tricks_noboarddrop,/Volumes/HHN_LBSBLab/HHN_GECKO_LBSBLab/HHN_GECKO_LBSBLab_videos/20260202_videos_LDF_Tricks_noboarddrop/20260202_other_tricks/VID_20260202_131509567_fcw2Step540Aerograb_019_R.mp4
VID_20260202_131530372_fcw2Step540Aerograb_020_L,fcw2Step540Aerograb,fcw2Step540Aerograb,20260202_videos_LDF_Tricks_noboarddrop,/Volumes/HHN_LBSBLab/HHN_GECKO_LBSBLab/HHN_GECKO_LBSBLab_videos/20260202_videos_LDF_Tricks_noboarddrop/20260202_other_tricks/VID_20260202_131530372_fcw2Step540Aerograb_020_L.mp4
VID_20260202_131643190_fcw2Step540Aeroslam_001_R_blurry,fcw2Step540Aeroslam,fcw2Step540Aeroslam,20260202_videos_LDF_Tricks_noboarddrop,/Volumes/HHN_LBSBLab/HHN_GECKO_LBSBLab/HHN_GECKO_LBSBLab_videos/20260202_videos_LDF_Tricks_noboarddrop/20260202_other_tricks/VID_20260202_131643190_fcw2Step540Aeroslam_001_R_blurry.mp4
VID_20260202_131743875_fcw2Step540Aeroslam_002_L,fcw2Step540Aeroslam,fcw2Step540Aeroslam,20260202_videos_LDF_Tricks_noboarddrop,/Volumes/HHN_LBSBLab/HHN_GECKO_LBSBLab/HHN_GECKO_LBSBLab_videos/20260202_videos_LDF_Tricks_noboarddrop/20260202_other_tricks/VID_20260202_131743875_fcw2Step540Aeroslam_002_L.mp4
VID_20260202_131807668_fcw2Step540Aeroslam_003_R_meh,fcw2Step540Aeroslam,fcw2Step540Aeroslam,20260202_videos_LDF_Tricks_noboarddrop,/Volumes/HHN_LBSBLab/HHN_GECKO_LBSBLab/HHN_GECKO_LBSBLab_videos/20260202_videos_LDF_Tricks_noboarddrop/20260202_other_tricks/VID_20260202_131807668_fcw2Step540Aeroslam_003_R_meh.mp4
VID_20260202_131826341_fcw2Step540Aeroslam_004_L_good,fcw2Step540Aeroslam,fcw2Step540Aeroslam,20260202_videos_LDF_Tricks_noboarddrop,/Volumes/HHN_LBSBLab/HHN_GECKO_LBSBLab/HHN_GECKO_LBSBLab_videos/20260202_videos_LDF_Tricks_noboarddrop/20260202_other_tricks/VID_20260202_131826341_fcw2Step540Aeroslam_004_L_good.mp4
VID_20260202_131910079_fcw2Step540Aeroslam_005_R,fcw2Step540Aeroslam,fcw2Step540Aeroslam,20260202_videos_LDF_Tricks_noboarddrop,/Volumes/HHN_LBSBLab/HHN_GECKO_LBSBLab/HHN_GECKO_LBSBLab_videos/20260202_videos_LDF_Tricks_noboarddrop/20260202_other_tricks/VID_20260202_131910079_fcw2Step540Aeroslam_005_R.mp4
VID_20260202_131929015_fcw2Step540Aeroslam_006_L,fcw2Step540Aeroslam,fcw2Step540Aeroslam,20260202_videos_LDF_Tricks_noboarddrop,/Volumes/HHN_LBSBLab/HHN_GECKO_LBSBLab/HHN_GECKO_LBSBLab_videos/20260202_videos_LDF_Tricks_noboarddrop/20260202_other_tricks/VID_20260202_131929015_fcw2Step540Aeroslam_006_L.mp4
VID_20260202_131948289_fcw2Step540Aeroslam_007_R,fcw2Step540Aeroslam,fcw2Step540Aeroslam,20260202_videos_LDF_Tricks_noboarddrop,/Volumes/HHN_LBSBLab/HHN_GECKO_LBSBLab/HHN_GECKO_LBSBLab_videos/20260202_videos_LDF_Tricks_noboarddrop/20260202_other_tricks/VID_20260202_131948289_fcw2Step540Aeroslam_007_R.mp4
VID_20260202_132006530_fcw2Step540Aeroslam_008_L_meh,fcw2Step540Aeroslam,fcw2Step540Aeroslam,20260202_videos_LDF_Tricks_noboarddrop,/Volumes/HHN_LBSBLab/HHN_GECKO_LBSBLab/HHN_GECKO_LBSBLab_videos/20260202_videos_LDF_Tricks_noboarddrop/20260202_other_tricks/VID_20260202_132006530_fcw2Step540Aeroslam_008_L_meh.mp4
VID_20260202_132047451_fcw2Step540Aeroslam_009_R_meh,fcw2Step540Aeroslam,fcw2Step540Aeroslam,20260202_videos_LDF_Tricks_noboarddrop,/Volumes/HHN_LBSBLab/HHN_GECKO_LBSBLab/HHN_GECKO_LBSBLab_videos/20260202_videos_LDF_Tricks_noboarddrop/20260202_other_tricks/VID_20260202_132047451_fcw2Step540Aeroslam_009_R_meh.mp4
VID_20260202_132106022_fcw2Step540Aeroslam_010_L_blurry,fcw2Step540Aeroslam,fcw2Step540Aeroslam,20260202_videos_LDF_Tricks_noboarddrop,/Volumes/HHN_LBSBLab/HHN_GECKO_LBSBLab/HHN_GECKO_LBSBLab_videos/20260202_videos_LDF_Tricks_noboarddrop/20260202_other_tricks/VID_20260202_132106022_fcw2Step540Aeroslam_010_L_blurry.mp4
VID_20260202_132209256_fcw2Step540Aeroslam_011_R_meh,fcw2Step540Aeroslam,fcw2Step540Aeroslam,20260202_videos_LDF_Tricks_noboarddrop,/Volumes/HHN_LBSBLab/HHN_GECKO_LBSBLab/HHN_GECKO_LBSBLab_videos/20260202_videos_LDF_Tricks_noboarddrop/20260202_other_tricks/VID_20260202_132209256_fcw2Step540Aeroslam_011_R_meh.mp4
VID_20260202_132227703_fcw2Step540Aeroslam_012_L_good,fcw2Step540Aeroslam,fcw2Step540Aeroslam,20260202_videos_LDF_Tricks_noboarddrop,/Volumes/HHN_LBSBLab/HHN_GECKO_LBSBLab/HHN_GECKO_LBSBLab_videos/20260202_videos_LDF_Tricks_noboarddrop/20260202_other_tricks/VID_20260202_132227703_fcw2Step540Aeroslam_012_L_good.mp4
VID_20260202_132311114_fcw2Step540Aeroslam_013_R_meh,fcw2Step540Aeroslam,fcw2Step540Aeroslam,20260202_videos_LDF_Tricks_noboarddrop,/Volumes/HHN_LBSBLab/HHN_GECKO_LBSBLab/HHN_GECKO_LBSBLab_videos/20260202_videos_LDF_Tricks_noboarddrop/20260202_other_tricks/VID_20260202_132311114_fcw2Step540Aeroslam_013_R_meh.mp4
VID_20260202_132354528_fcw2Step540Aeroslam_014_L,fcw2Step540Aeroslam,fcw2Step540Aeroslam,20260202_videos_LDF_Tricks_noboarddrop,/Volumes/HHN_LBSBLab/HHN_GECKO_LBSBLab/HHN_GECKO_LBSBLab_videos/20260202_videos_LDF_Tricks_noboarddrop/20260202_other_tricks/VID_20260202_132354528_fcw2Step540Aeroslam_014_L.mp4
VID_20260202_132416381_fcw2Step540Aeroslam_015_R_good,fcw2Step540Aeroslam,fcw2Step540Aeroslam,20260202_videos_LDF_Tricks_noboarddrop,/Volumes/HHN_LBSBLab/HHN_GECKO_LBSBLab/HHN_GECKO_LBSBLab_videos/20260202_videos_LDF_Tricks_noboarddrop/20260202_other_tricks/VID_20260202_132416381_fcw2Step540Aeroslam_015_R_good.mp4
VID_20260202_132433285_fcw2Step540Aeroslam_016_L_blurry,fcw2Step540Aeroslam,fcw2Step540Aeroslam,20260202_videos_LDF_Tricks_noboarddrop,/Volumes/HHN_LBSBLab/HHN_GECKO_LBSBLab/HHN_GECKO_LBSBLab_videos/20260202_videos_LDF_Tricks_noboarddrop/20260202_other_tricks/VID_20260202_132433285_fcw2Step540Aeroslam_016_L_blurry.mp4
VID_20260202_132451784_fcw2Step540Aeroslam_017_R_meh,fcw2Step540Aeroslam,fcw2Step540Aeroslam,20260202_videos_LDF_Tricks_noboarddrop,/Volumes/HHN_LBSBLab/HHN_GECKO_LBSBLab/HHN_GECKO_LBSBLab_videos/20260202_videos_LDF_Tricks_noboarddrop/20260202_other_tricks/VID_20260202_132451784_fcw2Step540Aeroslam_017_R_meh.mp4
VID_20260202_132509311_fcw2Step540Aeroslam_018_L_meh,fcw2Step540Aeroslam,fcw2Step540Aeroslam,20260202_videos_LDF_Tricks_noboarddrop,/Volumes/HHN_LBSBLab/HHN_GECKO_LBSBLab/HHN_GECKO_LBSBLab_videos/20260202_videos_LDF_Tricks_noboarddrop/20260202_other_tricks/VID_20260202_132509311_fcw2Step540Aeroslam_018_L_meh.mp4
VID_20260202_132532327_fcw2Step540Aeroslam_019_R_good,fcw2Step540Aeroslam,fcw2Step540Aeroslam,20260202_videos_LDF_Tricks_noboarddrop,/Volumes/HHN_LBSBLab/HHN_GECKO_LBSBLab/HHN_GECKO_LBSBLab_videos/20260202_videos_LDF_Tricks_noboarddrop/20260202_other_tricks/VID_20260202_132532327_fcw2Step540Aeroslam_019_R_good.mp4
VID_20260202_132550258_fcw2Step540Aeroslam_020_L_blurry,fcw2Step540Aeroslam,fcw2Step540Aeroslam,20260202_videos_LDF_Tricks_noboarddrop,/Volumes/HHN_LBSBLab/HHN_GECKO_LBSBLab/HHN_GECKO_LBSBLab_videos/20260202_videos_LDF_Tricks_noboarddrop/20260202_other_tricks/VID_20260202_132550258_fcw2Step540Aeroslam_020_L_blurry.mp4
